af,fd,division,last_seen,n
1. FC Heidenheim,Heidenheim,D1,2026-05-16,68
1. FC Kaiserslautern,Kaiserslautern,D2,2026-05-17,68
1. FC Köln,FC Koln,D2,2026-05-16,170
1. FC Magdeburg,Magdeburg,D2,2026-05-17,68
1. FC Nürnberg,Nurnberg,D2,2026-05-17,68
1899 Hoffenheim,Hoffenheim,D1,2026-05-16,170
AC Milan,Milan,I1,2026-05-24,190
AD Ceuta FC,Ceuta,SP2,2026-05-30,42
AEK Athens FC,AEK,G1,2026-05-17,89
AS Eupen,Eupen,B1,2024-02-10,59
AS Roma,Roma,I1,2026-05-24,190
AVS,AVS,P1,2026-05-16,68
AZ Alkmaar,AZ Alkmaar,N1,2026-05-17,170
Aberdeen,Aberdeen,SC0,2026-05-17,186
Adana Demirspor,Ad. Demirspor,T1,2025-05-31,144
Ajaccio,Ajaccio,F1,2025-05-10,148
Ajax,Ajax,N1,2026-05-17,169
Alanyaspor,Alanyaspor,T1,2026-05-16,180
Alaves,Alaves,SP1,2026-05-23,194
Albacete,Albacete,SP2,2026-05-30,168
Alcorcon,Alcorcon,SP2,2024-06-02,84
Alessandria,Alessandria,I2,2022-05-06,38
Almere City FC,Almere City,N1,2025-05-18,68
Almeria,Almeria,SP1,2026-05-31,202
Altay,Altay,T1,2022-05-21,38
Alverca,Alverca,P1,2026-05-16,34
Amiens,Amiens,F2,2026-05-09,182
Amorebieta,Amorebieta,SP2,2024-06-02,84
Anderlecht,Anderlecht,B1,2026-05-24,138
Angers,Angers,F1,2026-05-17,182
Ankaragücü,Ankaragucu,T1,2024-05-26,74
Annecy,Annecy,F2,2026-05-09,144
Antalyaspor,Antalyaspor,T1,2026-05-17,179
Antwerp,Antwerp,B1,2026-05-23,138
Apollon Smirnis,Apollon,G1,2022-05-15,33
Aris Thessalonikis,Aris,G1,2026-05-17,89
Arminia Bielefeld,Bielefeld,D1,2026-05-17,102
Arouca,Arouca,P1,2026-05-16,170
Arsenal,Arsenal,E0,2026-05-24,190
Ascoli,Ascoli,I2,2024-05-10,114
Asteras Tripolis,Asteras Tripolis,G1,2026-05-21,90
Aston Villa,Aston Villa,E0,2026-05-24,190
Atalanta,Atalanta,I1,2026-05-22,190
Athletic Club,Ath Bilbao,SP1,2026-05-23,190
Atletico Madrid,Ath Madrid,SP1,2026-05-24,190
Atromitos,Atromitos,G1,2026-05-21,90
Auxerre,Auxerre,F1,2026-05-17,182
Avellino,Avellino,I2,2026-05-08,38
Barcelona,Barcelona,SP1,2026-05-23,190
Bari,Bari,I2,2026-05-08,152
Barnsley,Barnsley,E1,2022-05-07,46
Bastia,Bastia,F2,2026-05-09,181
Bayer Leverkusen,Leverkusen,D1,2026-05-16,170
Bayern Munich,Bayern Munich,D1,2024-05-18,102
Bayern München,Bayern Munich,D1,2026-05-16,68
Başakşehir,Buyuksehyr,T1,2026-05-16,179
Beerschot VA,Beerschot VA,B1,2025-05-10,35
Belenenses,Belenenses,P1,2022-05-14,34
Benevento,Benevento,I2,2023-05-19,76
Benfica,Benfica,P1,2026-05-16,170
Beşiktaş,Besiktas,T1,2026-05-15,179
Birmingham,Birmingham,E1,2026-05-02,184
Blackburn,Blackburn,E1,2026-05-02,230
Blackpool,Blackpool,E1,2023-05-08,92
Boavista,Boavista,P1,2025-05-17,136
Bodrum FK,Bodrumspor,T1,2025-06-01,33
Bologna,Bologna,I1,2026-05-23,190
Bordeaux,Bordeaux,F1,2024-05-17,113
Borussia Dortmund,Dortmund,D1,2026-05-16,170
Borussia Monchengladbach,MGladbach,D1,2024-05-18,102
Borussia Mönchengladbach,MGladbach,D1,2024-12-21,15
Borussia Mönchengladbach,M'gladbach,D1,2026-05-16,53
Boulogne,Boulogne,F2,2026-05-09,34
Bournemouth,Bournemouth,E1,2026-05-24,198
Brentford,Brentford,E0,2026-05-24,190
Brescia,Brescia,I2,2025-05-13,152
Brighton,Brighton,E0,2026-05-24,190
Bristol City,Bristol City,E1,2026-05-02,230
Burgos,Burgos,SP2,2026-05-31,210
Burnley,Burnley,E1,2026-05-24,206
Cadiz,Cadiz,SP1,2026-05-31,198
Caen,Caen,F2,2025-05-10,148
Cagliari,Cagliari,I1,2026-05-24,190
Cambuur,Cambuur,N1,2023-05-28,68
Cardiff,Cardiff,E1,2025-05-03,183
Carrarese,Carrarese,I2,2026-05-08,76
Casa Pia,Casa Pia,P1,2026-05-16,136
Castellón,Castellon,SP2,2026-05-31,84
Catanzaro,Catanzaro,I2,2026-05-08,114
Celta Vigo,Celta,SP1,2026-05-23,190
Celtic,Celtic,SC0,2026-05-16,186
Cercle Brugge,Cercle Brugge,B1,2026-05-09,131
Cesena,Cesena,I2,2026-05-08,76
Charleroi,Charleroi,B1,2026-05-23,138
Charlton,Charlton,E1,2026-05-02,46
Chaves,Chaves,P1,2024-05-18,68
Chelsea,Chelsea,E0,2026-05-24,190
Cittadella,Cittadella,I2,2025-05-13,152
Clermont Foot,Clermont,F1,2026-05-09,178
Club Brugge KV,Club Brugge,B1,2026-05-24,139
Como,Como,I1,2026-05-24,114
Concarneau,Concarneau,F2,2024-05-17,38
Cordoba,Cordoba,SP2,2026-05-31,84
Cosenza,Cosenza,I2,2025-05-13,76
Coventry,Coventry,E1,2026-05-02,230
Cremonese,Cremonese,I1,2026-05-24,190
Crotone,Crotone,I2,2022-05-06,38
Crystal Palace,Crystal Palace,E0,2026-05-24,190
Cultural Leonesa,Cultural Leonesa,SP2,2026-05-30,42
Dender,Dender,B1,2026-05-09,75
Deportivo La Coruna,La Coruna,SP2,2026-05-31,84
Derby,Derby,E1,2026-05-02,138
Dijon,Dijon,F2,2023-06-02,76
Dundee,Dundee,SC0,2026-05-17,147
Dundee Utd,Dundee United,SC0,2026-05-17,147
Dunkerque,Dunkerque,F2,2026-05-09,144
Dynamo Dresden,Dresden,D2,2026-05-17,68
Eibar,Eibar,SP2,2026-05-31,210
Eintracht Braunschweig,Braunschweig,D2,2026-05-17,136
Eintracht Frankfurt,Ein Frankfurt,D1,2026-05-16,170
Elche,Elche,SP1,2026-05-23,198
Eldense,Eldense,SP2,2025-06-01,84
Emmen,FC Emmen,N1,2023-05-28,34
Empoli,Empoli,I1,2026-05-08,190
Erzgebirge AUE,Erzgebirge Aue,D2,2022-05-15,34
Espanyol,Espanol,SP1,2026-05-23,194
Estac Troyes,Troyes,F1,2026-05-09,181
Estoril,Estoril,P1,2026-05-16,170
Estrela,Estrela,P1,2026-05-16,102
Everton,Everton,E0,2026-05-24,190
Excelsior,Excelsior,N1,2026-05-17,102
Eyüpspor,Eyupspor,T1,2026-05-17,67
FC Andorra,Andorra,SP2,2026-05-31,126
FC Augsburg,Augsburg,D1,2026-05-16,170
FC Cartagena,Cartagena,SP2,2025-06-01,168
FC Heidenheim,Heidenheim,D1,2024-05-18,102
FC Ingolstadt 04,Ingolstadt,D2,2022-05-15,34
FC Kaiserslautern,Kaiserslautern,D2,2024-05-19,68
FC Magdeburg,Magdeburg,D2,2024-05-19,68
FC Nurnberg,Nurnberg,D2,2024-05-19,102
FC Porto,Porto,P1,2026-05-16,170
FC Schalke 04,Schalke 04,D2,2026-05-17,170
FC St. Pauli,St Pauli,D1,2026-05-16,170
FC Volendam,Volendam,N1,2026-05-17,102
FSV Mainz 05,Mainz,D1,2026-05-16,170
Falkirk,Falkirk,SC0,2026-05-16,38
Famalicao,Famalicao,P1,2026-05-16,170
Farense,Farense,P1,2025-05-17,68
Fatih Karagümrük,Karagumruk,T1,2026-05-16,146
Fenerbahçe,Fenerbahce,T1,2026-05-17,179
Feralpisalo,FeralpiSalo,I2,2024-05-10,38
Feyenoord,Feyenoord,N1,2026-05-17,170
Fiorentina,Fiorentina,I1,2026-05-22,190
Fortuna Dusseldorf,Fortuna Dusseldorf,D2,2024-05-19,102
Fortuna Düsseldorf,Fortuna Dusseldorf,D2,2026-05-17,68
Fortuna Sittard,For Sittard,N1,2026-05-17,170
Frosinone,Frosinone,I1,2026-05-08,190
Fuenlabrada,Fuenlabrada,SP2,2022-05-27,42
Fulham,Fulham,E1,2026-05-24,198
GIL Vicente,Gil Vicente,P1,2026-05-16,170
GO Ahead Eagles,Go Ahead Eagles,N1,2026-05-17,170
Galatasaray,Galatasaray,T1,2026-05-17,179
Gaziantep FK,Gaziantep,T1,2026-05-16,177
Genk,Genk,B1,2026-05-23,139
Genoa,Genoa,I1,2026-05-24,190
Gent,Gent,B1,2026-05-24,139
Gençlerbirliği S.K.,Genclerbirligi,T1,2026-05-17,34
Getafe,Getafe,SP1,2026-05-23,190
Giresunspor,Giresunspor,T1,2023-06-07,74
Girona,Girona,SP1,2026-05-23,194
Granada CF,Granada,SP1,2026-05-30,202
Grenoble,Grenoble,F2,2026-05-09,182
Groningen,Groningen,N1,2026-05-17,135
Guingamp,Guingamp,F2,2026-05-09,182
Göztepe,Goztep,T1,2026-05-16,105
Hamburger SV,Hamburg,D2,2026-05-16,170
Hannover 96,Hannover,D2,2026-05-17,170
Hansa Rostock,Hansa Rostock,D2,2024-05-19,102
Hatayspor,Hatayspor,T1,2025-05-31,145
Heart Of Midlothian,Hearts,SC0,2026-05-16,185
Heerenveen,Heerenveen,N1,2026-05-17,170
Hellas Verona,Verona,I1,2026-05-24,190
Heracles,Heracles,N1,2026-05-17,136
Hertha BSC,Hertha,D2,2026-05-17,68
Hertha Berlin,Hertha,D1,2024-05-19,102
Hibernian,Hibernian,SC0,2026-05-16,185
Holstein Kiel,Holstein Kiel,D1,2026-05-17,170
Huddersfield,Huddersfield,E1,2024-05-04,138
Huesca,Huesca,SP2,2026-05-31,210
Hull City,Hull,E1,2026-05-02,229
Ibiza,Ibiza,SP2,2023-05-27,84
Inter,Inter,I1,2026-05-23,190
Ionikos,Ionikos,G1,2022-05-15,33
Ipswich,Ipswich,E1,2026-05-02,130
Jahn Regensburg,Regensburg,D2,2023-05-28,68
Juve Stabia,Juve Stabia,I2,2026-05-08,76
Juventus,Juventus,I1,2026-05-24,190
KV Mechelen,Mechelen,B1,2026-05-24,138
KVC Westerlo,Westerlo,B1,2026-05-23,139
Kallithea,Athens Kallithea,G1,2025-05-18,24
Karlsruher SC,Karlsruhe,D2,2026-05-17,170
Kasımpaşa,Kasimpasa,T1,2026-05-17,179
Kayserispor,Kayserispor,T1,2026-05-17,179
Kifisia,Kifisia,G1,2026-05-21,36
Kilmarnock,Kilmarnock,SC0,2026-05-17,147
Kocaelispor,Kocaelispor,T1,2026-05-17,34
Konyaspor,Konyaspor,T1,2026-05-17,179
Kortrijk,Kortrijk,B1,2025-05-10,95
Lamia,Lamia,G1,2025-05-18,57
Larisa,Larisa,G1,2026-05-21,36
Las Palmas,Las Palmas,SP1,2026-05-31,202
Laval,Laval,F2,2026-05-09,144
Lazio,Lazio,I1,2026-05-23,190
Le Havre,Le Havre,F1,2026-05-17,178
Le Mans,Le Mans,F2,2026-05-09,34
Lecce,Lecce,I1,2026-05-24,190
Lecco,Lecco,I2,2024-05-10,38
Leeds,Leeds,E1,2026-05-24,206
Leganes,Leganes,SP1,2026-05-31,206
Leicester,Leicester,E1,2026-05-02,206
Lens,Lens,F1,2026-05-17,178
Levadiakos,Levadeiakos,G1,2026-05-17,56
Levante,Levante,SP1,2026-05-23,202
Lille,Lille,F1,2026-05-17,178
Liverpool,Liverpool,E0,2026-05-24,190
Livingston,Livingston,SC0,2026-05-17,152
Lorient,Lorient,F1,2026-05-17,178
Lugo,Lugo,SP2,2023-05-27,84
Luton,Luton,E1,2025-05-03,176
Lyon,Lyon,F1,2026-05-17,178
Malaga,Malaga,SP2,2026-05-31,168
Mallorca,Mallorca,SP1,2026-05-23,190
Manchester City,Man City,E0,2026-05-24,190
Manchester United,Man United,E0,2026-05-24,190
Mantova,Mantova,I2,2026-05-08,76
Maritimo,Maritimo,P1,2023-05-27,68
Marseille,Marseille,F1,2026-05-17,178
Martigues,Martigues,F2,2025-05-10,34
Metz,Metz,F1,2026-05-17,178
Middlesbrough,Middlesbrough,E1,2026-05-02,229
Millwall,Millwall,E1,2026-05-02,230
Mirandes,Mirandes,SP2,2026-05-31,210
Modena,Modena,I2,2026-05-08,152
Monaco,Monaco,F1,2026-05-17,177
Montpellier,Montpellier,F1,2026-05-09,178
Monza,Monza,I1,2026-05-08,190
Moreirense,Moreirense,P1,2026-05-16,136
Motherwell,Motherwell,SC0,2026-05-16,186
NAC Breda,NAC Breda,N1,2026-05-17,68
NEC Nijmegen,Nijmegen,N1,2026-05-17,170
Nacional,Nacional,P1,2026-05-16,68
Nancy,Nancy,F2,2026-05-09,72
Nantes,Nantes,F1,2026-05-08,177
Napoli,Napoli,I1,2026-05-24,190
Newcastle,Newcastle,E0,2026-05-24,190
Nice,Nice,F1,2026-05-17,178
Nimes,Nimes,F2,2023-06-02,76
Niort,Niort,F2,2023-06-02,76
Norwich,Norwich,E1,2026-05-02,222
Nottingham Forest,Nottm Forest,E1,2024-12-21,139
Nottingham Forest,Nott'm Forest,E0,2026-05-24,59
Nuova Cosenza,Cosenza,I2,2023-05-19,76
OFI,OFI Crete,G1,2026-05-17,86
OH Leuven,Oud-Heverlee Leuven,B1,2026-05-23,139
Olympiakos Piraeus,Olympiakos,G1,2026-05-17,89
Oostende,Oostende,B1,2023-04-23,34
Osasuna,Osasuna,SP1,2026-05-23,190
Oviedo,Oviedo,SP1,2026-05-23,206
Oxford United,Oxford,E1,2026-05-02,92
PAOK,PAOK,G1,2026-05-17,89
PAS Giannina,Giannina,G1,2022-05-17,36
PAU,Pau FC,F2,2026-05-09,182
PEC Zwolle,Zwolle,N1,2026-05-17,136
PSV Eindhoven,PSV Eindhoven,N1,2026-05-17,170
Pacos Ferreira,Pacos Ferreira,P1,2023-05-27,68
Padova,Padova,I2,2026-05-08,38
Palermo,Palermo,I2,2026-05-08,152
Panathinaikos,Panathinaikos,G1,2026-05-17,89
Panetolikos,Panetolikos,G1,2026-05-21,93
Panserraikos,Panserraikos,G1,2026-05-21,60
Paris FC,Paris FC,F1,2026-05-17,182
Paris Saint Germain,Paris SG,F1,2026-05-17,177
Parma,Parma,I1,2026-05-24,190
Pendikspor,Pendikspor,T1,2024-05-26,38
Perugia,Perugia,I2,2023-05-19,76
Pescara,Pescara,I2,2026-05-08,38
Peterborough,Peterboro,E1,2022-05-07,46
Pisa,Pisa,I1,2026-05-23,190
Plymouth,Plymouth,E1,2025-05-03,92
Ponferradina,Ponferradina,SP2,2023-05-28,84
Pordenone,Pordenone,I2,2022-05-06,38
Portimonense,Portimonense,P1,2024-05-18,102
Portsmouth,Portsmouth,E1,2026-05-02,92
Preston,Preston,E1,2026-05-02,230
Preußen Münster,Preussen Munster,D2,2024-12-21,17
Preußen Münster,Preußen Münster,D2,2026-05-17,51
QPR,QPR,E1,2026-05-02,230
Quevilly,Quevilly Rouen,F2,2024-05-17,114
RAAL La Louvière,RAAL La Louviere,B1,2026-05-09,35
RB Leipzig,RB Leipzig,D1,2026-05-16,170
RED Star FC 93,Red Star,F2,2026-05-09,67
RWDM,RWD Molenbeek,B1,2024-02-11,25
Racing Ferrol,Ferrol,SP2,2025-05-31,84
Racing Santander,Santander,SP2,2026-05-31,168
Rangers,Rangers,SC0,2026-05-16,186
Rayo Vallecano,Vallecano,SP1,2026-05-23,190
Reading,Reading,E1,2023-05-08,92
Real Betis,Betis,SP1,2026-05-23,190
Real Madrid,Real Madrid,SP1,2026-05-23,190
Real Sociedad,Sociedad,SP1,2026-05-23,190
Real Sociedad II,Sociedad B,SP2,2026-05-30,84
Reggiana,Reggiana,I2,2026-05-08,114
Reggina,Reggina,I2,2023-05-19,76
Reims,Reims,F1,2026-05-09,178
Rennes,Rennes,F1,2026-05-17,178
Rio Ave,Rio Ave,P1,2026-05-16,136
Rizespor,Rizespor,T1,2026-05-15,144
Rodez,Rodez,F2,2026-05-09,181
Ross County,Ross County,SC0,2025-05-18,147
Rotherham,Rotherham,E1,2024-05-04,92
SC Braga,Sp Braga,P1,2026-05-16,170
SC Freiburg,Freiburg,D1,2026-05-16,170
SC Paderborn 07,Paderborn,D2,2026-05-17,170
SSV Jahn Regensburg,Regensburg,D2,2025-05-18,34
SSV Ulm 1846,Ulm,D2,2025-05-18,34
ST Johnstone,St Johnstone,SC0,2025-05-18,147
ST Mirren,St Mirren,SC0,2026-05-17,185
SV Darmstadt 98,Darmstadt,D2,2026-05-17,170
SV Elversberg,Elversberg,D2,2026-05-17,102
SV Sandhausen,Sandhausen,D2,2023-05-28,68
SV Wehen,Wehen,D2,2024-05-19,34
Saint Etienne,St Etienne,F1,2026-05-09,182
Salernitana,Salernitana,I1,2025-05-13,152
Sampdoria,Sampdoria,I1,2026-05-08,190
Samsunspor,Samsunspor,T1,2026-05-16,105
Santa Clara,Santa Clara,P1,2026-05-16,136
Sassuolo,Sassuolo,I1,2026-05-24,190
Seraing United,Seraing,B1,2023-04-22,34
Sevilla,Sevilla,SP1,2026-05-23,190
Sheffield Utd,Sheffield United,E1,2026-05-02,222
Sheffield Wednesday,Sheffield Weds,E1,2026-05-02,138
Sivasspor,Sivasspor,T1,2025-05-31,145
Sochaux,Sochaux,F2,2023-06-02,76
Southampton,Southampton,E1,2026-05-02,206
SpVgg Greuther Furth,Greuther Furth,D1,2024-05-19,102
SpVgg Greuther Fürth,Greuther Furth,D2,2026-05-17,68
Spal,Spal,I2,2023-05-19,76
Sparta Rotterdam,Sparta Rotterdam,N1,2026-05-17,170
Spezia,Spezia,I1,2026-05-08,190
Sporting CP,Sp Lisbon,P1,2026-05-16,160
Sporting Gijon,Sp Gijon,SP2,2026-05-30,210
St. Truiden,St Truiden,B1,2026-05-24,135
Stade Brestois 29,Brest,F1,2026-05-17,178
Standard Liege,Standard,B1,2026-05-23,138
Stoke City,Stoke,E1,2026-05-02,229
Strasbourg,Strasbourg,F1,2026-05-17,178
Sudtirol,Sudtirol,I2,2026-05-08,152
Sunderland,Sunderland,E1,2026-05-24,176
Swansea,Swansea,E1,2026-05-02,230
Telstar,Telstar,N1,2026-05-17,34
Tenerife,Tenerife,SP2,2025-06-01,168
Ternana,Ternana,I2,2024-05-10,114
Tondela,Tondela,P1,2026-05-16,68
Torino,Torino,I1,2026-05-24,190
Tottenham,Tottenham,E0,2026-05-24,190
Toulouse,Toulouse,F1,2026-05-10,177
Trabzonspor,Trabzonspor,T1,2026-05-17,177
Twente,Twente,N1,2026-05-17,170
Udinese,Udinese,I1,2026-05-24,190
Union Berlin,Union Berlin,D1,2026-05-16,170
Union St. Gilloise,St. Gilloise,B1,2026-05-24,139
Utrecht,Utrecht,N1,2026-05-17,170
Valencia,Valencia,SP1,2026-05-23,190
Valenciennes,Valenciennes,F2,2024-05-17,113
Valladolid,Valladolid,SP1,2026-05-31,202
Venezia,Venezia,I1,2026-05-08,190
VfB Stuttgart,Stuttgart,D1,2026-05-16,170
VfL Bochum,Bochum,D1,2026-05-17,68
VfL Osnabruck,Osnabruck,D2,2024-05-19,34
VfL Wolfsburg,Wolfsburg,D1,2026-05-16,170
Vfl Bochum,Bochum,D1,2024-05-18,102
Vicenza Virtus,Vicenza,I2,2022-05-06,38
Villarreal,Villarreal,SP1,2026-05-24,190
Villarreal II,Villarreal B,SP2,2024-06-02,84
Virtus Entella,Virtus Entella,I2,2026-05-08,38
Vitesse,Vitesse,N1,2024-05-19,102
Vitória SC,Guimaraes,P1,2026-05-16,160
Vizela,Vizela,P1,2024-05-18,102
Volos NFC,Volos NFC,G1,2026-05-17,89
Waalwijk,Waalwijk,N1,2025-05-18,136
Watford,Watford,E1,2026-05-02,222
Werder Bremen,Werder Bremen,D1,2026-05-16,170
West Brom,West Brom,E1,2026-05-02,230
West Ham,West Ham,E0,2026-05-24,190
Wigan,Wigan,E1,2023-05-08,46
Willem II,Willem II,N1,2025-05-18,68
Wolves,Wolves,E0,2026-05-24,190
Wrexham,Wrexham,E1,2026-05-02,46
Yeni Malatyaspor,Yeni Malatyaspor,T1,2022-05-21,38
Zaragoza,Zaragoza,SP2,2026-05-31,210
Zulte Waregem,Waregem,B1,2026-05-09,70
como,Como,I2,2023-05-19,76
Ümraniyespor,Umraniyespor,T1,2023-06-07,35
İstanbulspor,Istanbulspor,T1,2024-05-26,73
