fixture_id,league_id,season,kickoff,status,referee,home_id,home,away_id,away,home_goals,away_goals,home_goals_ht,away_goals_ht,home_xg,home_goals_prevented,home_shots,home_shots_on_target,home_shots_inside_box,home_shots_blocked,home_corners,home_fouls,home_yellow,home_red,home_possession,home_pass_accuracy,home_saves,home_formation,home_coach,home_xi,home_first_red_min,away_xg,away_goals_prevented,away_shots,away_shots_on_target,away_shots_inside_box,away_shots_blocked,away_corners,away_fouls,away_yellow,away_red,away_possession,away_pass_accuracy,away_saves,away_formation,away_coach,away_xi,away_first_red_min
1378969,39,2025,2025-08-15T19:00:00+00:00,FT,A. Taylor,40,Liverpool,35,Bournemouth,4,2,1,0,2.21,-0.95,19,10,15,2,6,7,1,,61,82,1,4-2-3-1,Arne Slot,280;152654;1145;290;206254;1096;6716;306;203224;247;174565,,1.7,-0.95,10,3,8,3,7,10,2,,39,70,6,4-1-4-1,Andoni Iraola,118307;18869;22136;6610;162267;1150;19281;304853;19245;18870;152856,
1378970,39,2025,2025-08-16T11:30:00+00:00,FT,C. Pawson,66,Aston Villa,34,Newcastle,0,0,0,0,0.2,0.2,3,3,3,0,3,13,1,1,40,73,3,4-2-3-1,Unai Emery,36878;19298;19354;19179;2724;1904;162714;19191;2926;19170;19366,66,1.43,0.2,16,3,9,7,6,11,1,0,60,83,3,4-3-3,Eddie Howe,18911;169;2806;18961;158694;10135;31146;723;153430;138787;18778,
1378971,39,2025,2025-08-16T14:00:00+00:00,FT,S. Barrott,51,Brighton,36,Fulham,1,1,0,0,1.48,0.02,10,4,6,1,4,16,3,,50,88,1,4-2-3-1,Fabian Hurzeler,129058;92993;38695;18963;162007;356041;265820;383685;19030;106835;90590,,0.76,0.02,7,2,5,1,3,15,3,,50,83,3,4-2-3-1,Marco Silva,1438;657;2729;131;152967;2823;1934;19221;389315;1455;2887,
1378972,39,2025,2025-08-17T13:00:00+00:00,FT,P. Bankes,65,Nottingham Forest,55,Brentford,3,1,3,0,1.83,-0.57,11,5,6,2,5,7,1,,54,82,2,4-2-3-1,Vitor Pereira,2919;2771;2817;363695;138780;22149;138908;48648;18746;2298;18931,,1.49,-0.57,10,3,7,3,5,15,2,,46,78,2,4-2-3-1,Keith Andrews,281;342022;19495;36922;19346;263538;47438;106725;319517;153066;196156,
1378973,39,2025,2025-08-16T14:00:00+00:00,FT,R. Jones,746,Sunderland,48,West Ham,3,0,0,0,0.75,-1.36,10,5,9,1,5,8,0,,37,77,4,4-3-3,Regis Le Bris,194536;119121;55904;290545;22225;327631;1464;365331;336659;349799;301771,,0.56,-1.36,12,4,7,6,7,10,1,,63,85,2,3-4-1-2,Nuno Espirito Santo,15870;138;18744;21694;18846;2938;2476;409303;1646;19428;25391,
1378974,39,2025,2025-08-16T14:00:00+00:00,FT,M. Oliver,47,Tottenham,44,Burnley,3,0,1,0,2.32,-0.39,16,6,12,1,6,14,,,67,88,4,4-3-3,Roberto De Zerbi,31354;47519;30776;152849;19235;237129;328089;347316;15911;2413;129711,,0.94,-0.39,14,4,7,3,5,8,,,33,74,3,5-4-1,Mike Jackson,18886;128895;627;47903;179400;375915;180560;20303;19827;196855;98936,
1378975,39,2025,2025-08-16T16:30:00+00:00,FT,J. Gillett,39,Wolves,50,Manchester City,0,4,0,2,0.56,0.74,9,3,6,3,4,13,1,,42,83,0,3-4-3,Rob Edwards,1590;18742;135068;41606;285;265784;195103;265782;3080;2032;20665,,2.47,0.74,15,4,8,4,5,7,2,,58,91,3,4-3-3,Pep Guardiola,162489;284230;626;567;21138;36902;161933;636;278133;1100;1422,
1378976,39,2025,2025-08-17T13:00:00+00:00,FT,D. England,49,Chelsea,52,Crystal Palace,0,0,0,0,1.6,0.65,19,3,11,9,11,10,2,,72,90,4,4-2-3-1,Calum McFarlane,18959;19545;366735;19720;47380;5996;116117;1864;152982;286894;10329,,0.66,0.65,11,4,4,4,2,12,3,,28,74,2,3-4-2-1,Oliver Glasner,19088;126949;20995;67971;13736;288102;18806;182201;2218;19586;25927,
1378977,39,2025,2025-08-17T15:30:00+00:00,FT,S. Hooper,33,Manchester United,42,Arsenal,0,1,0,1,1.52,0.75,22,7,15,8,3,10,1,,61,83,2,3-4-2-1,Michael Carrick,50132;342970;532;891;886;747;1485;382452;20589;19220;1165,,1.31,0.75,9,3,5,3,4,19,4,,39,74,7,4-3-3,Mikel Arteta,19465;19959;22090;22224;157052;37127;47315;2937;1460;18979;127769,
1378978,39,2025,2025-08-18T19:00:00+00:00,FT,C. Kavanagh,63,Leeds,45,Everton,1,0,0,0,2.13,0.07,21,3,12,11,7,6,0,,54,83,1,4-3-3,Daniel Farke,80296;19201;19321;64003;47969;32966;2279;177665;19329;250;162128,,0.8,0.07,7,1,5,3,2,8,2,,46,79,2,4-2-3-1,Leighton Baines,2932;270139;2936;2934;895;284500;2990;195993;148099;18592;125743,
1378979,39,2025,2025-08-23T16:30:00+00:00,FT,J. Gillett,42,Arsenal,63,Leeds,5,0,2,0,2.88,-2.23,18,5,13,4,2,8,0,,68,92,1,4-3-3,Mikel Arteta,19465;38746;22090;22224;157052;37127;47315;2937;1460;18979;136723,,0.17,-2.23,3,1,2,2,2,11,2,,32,76,0,4-3-3,Daniel Farke,80296;19201;19321;64003;47969;32966;129142;177665;19329;250;162128,
1378980,39,2025,2025-08-23T14:00:00+00:00,FT,T. Bramall,35,Bournemouth,39,Wolves,1,0,1,0,1.29,-0.07,14,4,8,5,8,13,2,0,59,87,1,4-1-4-1,Andoni Iraola,118307;18869;22136;6610;162267;1150;18870;304853;19245;19281;152856,,0.46,-0.07,6,1,3,2,3,16,4,1,41,73,3,3-4-3,Rob Edwards,1590;18742;135068;41606;285;20665;195103;265782;3080;2032;13708,49
1378981,39,2025,2025-08-23T14:00:00+00:00,FT,T. Harrington,55,Brentford,66,Aston Villa,1,0,1,0,1.21,0.36,9,2,8,3,2,11,1,,24,72,2,4-2-3-1,Keith Andrews,281;342022;19495;36922;106725;263538;292;284797;15908;178077;196156,,1.19,0.36,17,2,12,8,9,9,2,,76,88,1,4-2-3-1,Unai Emery,19599;19298;19179;46815;2724;1904;162714;19191;2926;19170;19366,
1378982,39,2025,2025-08-23T14:00:00+00:00,FT,M. Salisbury,44,Burnley,746,Sunderland,2,0,0,0,1,-0.42,7,2,4,1,4,9,0,,42,81,1,4-2-3-1,Mike Jackson,18886;627;47903;179400;375915;270508;19827;22;180560;196855;98936,,0.77,-0.42,9,1,6,5,3,5,1,,58,86,0,4-3-3,Regis Le Bris,194536;119121;55904;6168;22225;327631;1464;365331;336659;349799;301771,
1378983,39,2025,2025-08-24T13:00:00+00:00,FT,A. Taylor,52,Crystal Palace,65,Nottingham Forest,1,1,1,0,1.1,-0.17,8,4,7,0,1,11,3,,42,76,0,3-4-3,Oliver Glasner,19088;126949;20995;67971;13736;288102;18806;182201;2218;25927;286458,,0.93,-0.17,9,1,8,1,3,11,3,,58,86,3,4-2-3-1,Vitor Pereira,2919;2771;2817;363695;138780;22149;138908;48648;18746;2298;18931,
1378984,39,2025,2025-08-24T13:00:00+00:00,FT,S. Attwell,45,Everton,51,Brighton,2,0,1,0,1.6,-0.79,11,3,6,1,2,7,4,,42,75,4,4-2-3-1,Leighton Baines,2932;270139;2936;2934;895;284500;2990;18592;148099;19187;343684,,2.43,-0.79,13,4,7,4,2,15,3,,58,84,1,4-2-3-1,Fabian Hurzeler,129058;92993;38695;18963;162007;356041;265820;383685;19030;106835;1469,
1378985,39,2025,2025-08-24T15:30:00+00:00,FT,C. Kavanagh,36,Fulham,33,Manchester United,1,1,0,0,1.76,0.37,13,4,10,5,9,12,1,,52,84,3,4-2-3-1,Marco Silva,1438;657;2729;152967;19032;2823;1934;2920;389315;1455;195106,,1.63,0.37,10,3,8,1,6,10,1,,48,83,2,3-4-2-1,Michael Carrick,50132;342970;532;891;157997;747;1485;382452;20589;19220;1165,
1378986,39,2025,2025-08-23T11:30:00+00:00,FT,P. Bankes,50,Manchester City,47,Tottenham,0,2,0,2,1.55,0.64,10,4,6,3,7,7,1,,61,87,3,4-1-4-1,Pep Guardiola,162489;284230;626;567;21138;161933;278133;156477;36902;81573;1100,,1.11,0.64,12,5,10,2,2,12,4,,39,78,4,4-3-3,Roberto De Zerbi,31354;47519;30776;152849;19235;237129;41104;863;15911;2413;129711,
1378987,39,2025,2025-08-25T19:00:00+00:00,FT,S. Hooper,34,Newcastle,40,Liverpool,2,3,0,1,0.98,-0.13,10,3,8,3,7,17,2,1,38,69,1,4-3-3,Eddie Howe,18911;169;2806;18961;158694;10135;31146;723;153430;138787;18778,45,0.69,-0.13,5,4,3,1,1,15,3,0,62,83,1,4-2-3-1,Arne Slot,280;1096;1145;290;206254;542;293;306;203224;247;174565,
1378988,39,2025,2025-08-22T19:00:00+00:00,FT,M. Oliver,48,West Ham,49,Chelsea,1,5,1,3,0.73,-0.67,12,4,9,3,7,7,0,,41,86,2,3-4-1-2,Nuno Espirito Santo,15870;138;18744;21694;18846;2938;1243;409303;1646;19428;25391,,2.74,-0.67,12,7,10,1,5,10,1,,59,88,3,4-2-3-1,Calum McFarlane,18959;161907;19720;19145;47380;116117;5996;425733;10329;1864;161948,
1378989,39,2025,2025-08-31T18:00:00+00:00,FT,S. Attwell,66,Aston Villa,52,Crystal Palace,0,3,0,1,1.14,1.01,13,4,10,1,10,7,2,,58,89,1,4-2-3-1,Unai Emery,36878;19298;19354;19179;138816;19191;2926;249;19170;137303;19366,,2.65,1.01,6,4,5,1,1,14,3,,42,85,4,3-4-2-1,Oliver Glasner,19088;126949;20995;67971;13736;288102;18806;182201;2218;2601;25927,
1378990,39,2025,2025-08-31T13:00:00+00:00,FT,D. England,51,Brighton,50,Manchester City,2,1,0,1,2.29,0.99,12,7,10,3,3,16,2,,37,74,2,4-2-3-1,Fabian Hurzeler,129058;537;38695;18963;162007;356041;305730;383685;278370;106835;1469,,1.84,0.99,12,3,8,1,2,14,2,,63,87,5,4-3-3,Pep Guardiola,162489;41621;626;360114;21138;636;44;36902;278133;1100;81573,
1378991,39,2025,2025-08-30T11:30:00+00:00,FT,R. Jones,49,Chelsea,36,Fulham,2,0,1,0,2.35,1.19,13,6,10,6,6,11,2,,54,87,1,4-2-3-1,Calum McFarlane,18959;161907;19720;19145;47380;116117;5996;425733;10329;1864;161948,,1.02,1.19,11,3,8,2,4,17,2,,46,81,4,4-2-3-1,Marco Silva,1438;657;2729;152967;19032;2823;1934;2920;389315;1455;195106,
1378992,39,2025,2025-08-30T16:30:00+00:00,FT,P. Bankes,63,Leeds,34,Newcastle,0,0,0,0,0.69,0.09,10,1,4,3,5,10,1,,43,79,2,4-3-3,Daniel Farke,80296;19201;19321;64003;47969;18901;129142;177665;19329;19461;162128,,0.46,0.09,8,2,4,3,5,15,1,,57,85,1,5-3-2,Eddie Howe,18911;169;2806;38734;18961;158694;10135;31146;19192;19163;315237,
1378993,39,2025,2025-08-31T15:30:00+00:00,FT,C. Kavanagh,40,Liverpool,42,Arsenal,1,0,0,0,0.52,-0.73,9,3,4,4,3,7,2,,53,85,1,4-2-3-1,Arne Slot,280;1096;1145;290;206254;542;6716;306;203224;247;174565,,0.49,-0.73,11,1,8,7,8,10,2,,47,82,2,4-3-3,Mikel Arteta,19465;38746;22090;22224;157052;47311;47315;2937;136723;18979;127769,
1378994,39,2025,2025-08-30T14:00:00+00:00,FT,S. Barrott,33,Manchester United,44,Burnley,3,2,1,0,3.63,-0.82,26,6,19,7,7,9,1,,62,82,1,3-4-2-1,Michael Carrick,50132;342970;532;891;157997;747;1485;886;20589;19220;1165,,1.2,-0.82,6,3,5,2,1,9,5,,38,71,5,4-2-3-1,Mike Jackson,18886;627;47903;179400;375915;19827;270508;22;180560;196855;98936,
1378995,39,2025,2025-08-31T13:00:00+00:00,FT,C. Pawson,65,Nottingham Forest,48,West Ham,0,3,0,0,0.73,0.29,11,3,9,5,9,14,,,58,87,5,4-2-3-1,Vitor Pereira,2919;2771;2817;363695;138780;22149;138908;48648;18746;2298;18931,,2.42,0.29,12,8,10,0,7,6,,,42,82,3,4-2-3-1,Nuno Espirito Santo,15870;171;1445;18744;409303;1243;2938;19428;1646;336585;25391,
1378996,39,2025,2025-08-30T14:00:00+00:00,FT,A. Taylor,746,Sunderland,55,Brentford,2,1,0,0,1.54,-0.92,12,3,9,3,3,11,3,,54,81,3,4-3-3,Regis Le Bris,194536;119121;1146;6168;22225;327631;1464;365331;336659;349799;20638,,1.2,-0.92,7,4,5,1,4,12,2,,46,80,1,4-2-3-1,Keith Andrews,281;342022;19495;36922;106725;292;263538;284797;15908;178077;196156,
1378997,39,2025,2025-08-30T14:00:00+00:00,FT,S. Hooper,47,Tottenham,35,Bournemouth,0,1,0,1,0.19,0.22,5,1,3,1,0,17,2,,61,83,5,4-3-3,Roberto De Zerbi,31354;47519;30776;152849;19235;863;41104;237129;15911;2413;129711,,1.59,0.22,20,6,15,5,8,13,4,,39,70,1,4-2-3-1,Andoni Iraola,118307;18869;22136;6610;162267;1150;304853;18870;19245;19281;152856,
1378998,39,2025,2025-08-30T14:00:00+00:00,FT,M. Oliver,39,Wolves,45,Everton,2,3,1,2,1.11,-0.84,12,4,6,5,2,15,0,,59,80,1,3-4-3,Rob Edwards,1590;135334;135068;41606;296560;195103;265784;280687;3080;24888;13708,,1.93,-0.84,10,4,7,4,2,10,1,,41,74,2,4-2-3-1,Leighton Baines,2932;270139;2936;2934;2165;895;2990;18592;148099;19187;125743,
1378999,39,2025,2025-09-13T11:30:00+00:00,FT,D. England,42,Arsenal,65,Nottingham Forest,3,0,1,0,1.84,-0.65,16,5,12,5,8,8,1,,54,87,1,4-3-3,Mikel Arteta,19465;38746;333682;22224;157052;37127;47315;47311;136723;18979;19586,,0.2,-0.65,5,1,3,3,3,11,1,,46,86,2,4-2-3-1,Vitor Pereira,2919;138780;2817;363695;67943;22149;138908;48648;18746;2298;18931,
1379000,39,2025,2025-09-13T14:00:00+00:00,FT,P. Bankes,35,Bournemouth,51,Brighton,2,1,1,0,1.45,-0.51,13,5,7,4,4,16,4,,51,79,1,4-2-3-1,Andoni Iraola,118307;20093;412719;6610;162267;1150;304853;19281;19245;18870;152856,,0.62,-0.51,6,2,5,2,4,10,4,,49,78,3,4-2-3-1,Fabian Hurzeler,129058;537;38695;18963;162007;296;305730;383685;90590;106835;1469,
1379001,39,2025,2025-09-13T19:00:00+00:00,FT,S. Attwell,55,Brentford,49,Chelsea,2,2,1,0,1.43,0.3,7,4,7,1,5,13,3,,34,76,4,5-3-2,Keith Andrews,281;342022;36922;19495;19789;106725;47438;292;263538;196156;178077,,1.25,0.3,16,6,10,7,6,9,2,,66,91,3,4-2-3-1,Calum McFarlane,18959;22094;19145;19720;341642;5996;116117;1864;311334;286894;10329,
1379002,39,2025,2025-09-14T13:00:00+00:00,FT,M. Oliver,44,Burnley,40,Liverpool,0,1,0,0,0.13,0,3,0,1,0,1,9,2,1,19,48,3,5-4-1,Mike Jackson,18886;627;20303;47903;179400;375915;161621;19827;270508;196855;98936,84,2.65,0,27,4,14,12,13,9,2,0,81,88,0,4-2-3-1,Arne Slot,280;1096;1145;290;206254;542;6716;306;203224;247;174565,
1379003,39,2025,2025-09-13T14:00:00+00:00,FT,T. Bramall,52,Crystal Palace,746,Sunderland,0,0,0,0,1.77,1.36,14,6,8,4,5,10,1,,56,84,0,3-4-2-1,Oliver Glasner,19088;126949;20995;67971;13736;18806;2490;182201;184226;2601;25927,,0.36,1.36,6,0,5,2,3,8,1,,44,80,6,4-3-3,Regis Le Bris,194536;119121;1146;6168;22225;327631;1464;365331;336659;84087;301771,
1379004,39,2025,2025-09-13T14:00:00+00:00,FT,S. Hooper,45,Everton,66,Aston Villa,0,0,0,0,2.08,0.29,20,2,14,9,10,17,3,,48,82,1,4-2-3-1,Leighton Baines,2932;270139;2936;2934;895;2990;284500;18592;148099;19187;125743,,0.54,0.29,7,1,3,5,3,15,3,,52,82,2,4-2-3-1,Unai Emery,19599;19298;19354;19179;2724;284457;2926;19191;19170;19071;19366,
1379005,39,2025,2025-09-13T14:00:00+00:00,FT,C. Pawson,36,Fulham,63,Leeds,1,0,0,0,0.85,-0.12,5,3,3,0,3,20,1,,54,85,3,4-2-3-1,Marco Silva,1438;657;2729;152967;19032;2823;1934;19221;389315;1455;195106,,0.79,-0.12,10,3,7,4,3,15,2,,46,81,3,4-3-3,Daniel Farke,18885;19201;19321;64003;47969;18901;2279;177665;50739;18766;48389,
1379006,39,2025,2025-09-14T15:30:00+00:00,FT,A. Taylor,50,Manchester City,33,Manchester United,3,0,1,0,2.63,-0.7,13,6,12,0,2,8,,,45,82,2,4-1-4-1,Pep Guardiola,1622;360114;567;129033;307123;44;636;36902;631;1422;1100,,1.52,-0.7,12,2,7,2,4,8,,,55,84,3,3-4-2-1,Michael Carrick,50132;342970;532;891;545;51494;1485;382452;20589;157997;115589,
1379007,39,2025,2025-09-13T14:00:00+00:00,FT,C. Kavanagh,34,Newcastle,39,Wolves,1,0,1,0,1.55,0.75,16,4,8,5,9,10,1,,57,80,3,4-3-3,Eddie Howe,18911;169;2806;18961;158694;10135;31146;723;19163;158054;18778,,0.5,0.75,8,3,7,2,4,17,4,,43,76,3,3-5-2,Rob Edwards,19143;135068;195717;41606;280687;265784;195103;66407;282770;110153;24888,
1379008,39,2025,2025-09-13T16:30:00+00:00,FT,J. Gillett,48,West Ham,47,Tottenham,0,3,0,0,0.6,0.29,7,4,6,0,2,8,0,1,36,77,2,4-2-3-1,Nuno Espirito Santo,15870;171;1445;18744;409303;1243;2938;19428;336585;37724;1646,54,1.29,0.29,14,5,10,5,13,7,1,0,64,87,4,4-3-3,Roberto De Zerbi,31354;47519;30776;152849;19235;237129;41104;347316;15911;270510;162016,
1379009,39,2025,2025-09-21T15:30:00+00:00,FT,S. Attwell,42,Arsenal,50,Manchester City,1,1,0,1,0.89,0.24,12,3,11,3,11,11,1,,67,89,2,4-3-3,Mikel Arteta,19465;38746;22090;22224;157052;47311;47315;2937;136723;18979;1946,,0.87,0.24,5,3,4,0,1,10,2,,33,76,2,4-1-4-1,Pep Guardiola,1622;360114;567;129033;307123;44;631;636;36902;1422;1100,
1379010,39,2025,2025-09-21T13:00:00+00:00,FT,R. Jones,35,Bournemouth,34,Newcastle,0,0,0,0,0.46,0.26,11,2,4,6,5,7,2,,56,82,1,4-2-3-1,Andoni Iraola,118307;330437;22136;6610;162267;1150;304853;19281;19245;18870;152856,,0.14,0.26,4,1,1,1,2,10,1,,44,76,2,3-4-2-1,Eddie Howe,18911;163189;38734;18961;158694;31146;328105;284492;19163;1463;158054,
1379011,39,2025,2025-09-20T14:00:00+00:00,FT,C. Kavanagh,51,Brighton,47,Tottenham,2,2,2,1,1.32,-0.73,12,4,5,1,2,10,1,,36,77,2,4-2-3-1,Fabian Hurzeler,129058;537;38695;18963;1361;356041;265820;383685;328225;106835;90590,,1.22,-0.73,11,3,9,2,10,13,2,,64,89,2,4-3-3,Roberto De Zerbi,31354;47519;30776;152849;204039;347316;41104;863;15911;2413;336564,
1379012,39,2025,2025-09-20T14:00:00+00:00,FT,T. Bramall,44,Burnley,65,Nottingham Forest,1,1,1,1,0.85,-0.02,12,5,9,3,4,12,1,,37,77,7,5-4-1,Mike Jackson,18886;627;20303;47903;179400;375915;161621;19827;575;196855;98936,,1.1,-0.02,17,8,9,7,5,11,1,,63,90,4,4-2-3-1,Vitor Pereira,2919;138780;2817;67943;641;138908;47522;129695;18746;48648;18931,
1379013,39,2025,2025-09-20T19:00:00+00:00,FT,M. Oliver,36,Fulham,55,Brentford,3,1,2,1,1.01,-2.15,14,3,8,6,2,11,4,,53,84,2,4-2-3-1,Marco Silva,1438;657;2729;152967;19032;2823;1934;19221;389315;1455;195106,,0.6,-2.15,8,3,8,3,10,13,1,,47,81,2,5-3-2,Keith Andrews,281;342022;36922;19495;19789;106725;263538;292;15908;196156;178077,
1379014,39,2025,2025-09-20T11:30:00+00:00,FT,D. England,40,Liverpool,45,Everton,2,1,2,0,0.9,-0.82,11,3,9,5,5,11,2,,57,85,1,4-2-3-1,Arne Slot,280;180317;1145;290;206254;542;6716;306;1096;247;174565,,0.7,-0.82,9,2,6,3,4,10,3,,43,76,1,4-2-3-1,Leighton Baines,2932;270139;2936;2934;2165;2990;895;18592;148099;19187;125743,
1379015,39,2025,2025-09-20T16:30:00+00:00,FT,P. Bankes,33,Manchester United,49,Chelsea,2,1,2,0,1.84,-0.13,11,4,6,4,5,13,2,1,41,79,0,3-4-2-1,Michael Carrick,50132;532;2935;891;545;747;1485;382452;20589;157997;115589,45,0.43,-0.13,5,1,4,2,5,14,5,1,59,85,2,4-2-3-1,Calum McFarlane,18959;19545;22094;19720;47380;5996;116117;425733;152982;1864;10329,5
1379016,39,2025,2025-09-21T13:00:00+00:00,FT,S. Barrott,746,Sunderland,66,Aston Villa,1,1,0,0,1.04,-0.01,14,4,10,4,6,14,2,1,29,69,1,4-3-3,Regis Le Bris,194536;119121;1146;6168;22225;339201;1464;365331;336659;84087;20638,33,0.78,-0.01,12,2,6,6,5,8,1,0,71,89,3,4-2-3-1,Unai Emery,19599;19298;19354;19179;2724;19191;1904;137303;19170;19071;19366,
1379017,39,2025,2025-09-20T14:00:00+00:00,FT,T. Harrington,48,West Ham,52,Crystal Palace,1,2,0,1,0.66,0.55,8,3,7,1,8,15,3,,57,83,1,4-3-3,Nuno Espirito Santo,253;171;1445;18744;409303;1646;2938;336585;19428;2939;37724,,2.31,0.55,18,3,14,6,8,5,3,,43,82,2,3-4-2-1,Oliver Glasner,19088;126949;20995;67971;13736;288102;18806;182201;2601;184226;25927,
1379018,39,2025,2025-09-20T14:00:00+00:00,FT,A. Taylor,39,Wolves,63,Leeds,1,3,1,3,1.78,0.31,16,6,13,4,4,11,1,,56,84,1,3-4-2-1,Rob Edwards,1590;135068;195717;41606;296560;195103;66407;282770;391822;20665;110153,,0.48,0.31,6,4,2,0,0,9,1,,44,84,5,4-3-3,Daniel Farke,18885;19201;19321;64003;47969;177665;2279;18901;50739;18766;48389,
1379019,39,2025,2025-09-28T13:00:00+00:00,FT,A. Madley,66,Aston Villa,36,Fulham,3,1,1,1,1.11,-1.3,9,4,4,2,2,10,1,,48,84,3,4-2-3-1,Unai Emery,19599;19298;19354;19179;2724;19191;284457;137303;19035;19170;19366,,0.92,-1.3,11,4,9,3,8,13,4,,52,86,1,4-2-3-1,Marco Silva,1438;2920;2729;152967;19032;2823;1934;19221;389315;1455;2887,
1379020,39,2025,2025-09-27T11:30:00+00:00,FT,C. Pawson,55,Brentford,33,Manchester United,3,1,2,1,2.02,0.03,10,8,7,1,4,14,2,,44,76,5,4-2-3-1,Keith Andrews,281;342022;19495;36922;44871;292;263538;284797;15908;178077;196156,,2.08,0.03,14,6,9,4,2,10,2,,56,81,5,3-4-2-1,Michael Carrick,50132;532;2935;891;886;51494;1485;382452;20589;1165;115589,
1379021,39,2025,2025-09-27T14:00:00+00:00,FT,S. Hooper,49,Chelsea,51,Brighton,1,3,1,0,1.81,1.12,13,3,7,6,5,9,3,1,60,84,0,4-3-3,Calum McFarlane,18959;19545;19720;341642;47380;305834;116117;5996;425733;10329;1864,53,2.28,1.12,12,3,8,2,7,16,5,0,40,84,2,4-2-3-1,Fabian Hurzeler,129058;537;38695;18963;1361;356041;265820;383685;278370;106835;90590,
1379022,39,2025,2025-09-27T14:00:00+00:00,FT,C. Kavanagh,52,Crystal Palace,40,Liverpool,2,1,1,0,2.92,0.65,16,7,12,2,2,10,1,,28,65,3,3-4-2-1,Oliver Glasner,19088;126949;20995;67971;13736;288102;2601;182201;2218;184226;25927,,2.14,0.65,20,4,13,5,6,8,3,,72,89,5,4-2-3-1,Arne Slot,280;180317;1145;290;206254;542;6716;306;1096;203224;2864,
1379023,39,2025,2025-09-29T19:00:00+00:00,FT,S. Barrott,45,Everton,48,West Ham,1,1,1,0,0.73,-0.59,12,6,9,3,3,7,3,,52,85,2,4-2-3-1,Leighton Baines,2932;270139;2936;2934;2165;895;2990;18592;148099;19187;125743,,1.19,-0.59,14,3,10,6,5,16,4,,48,80,5,4-1-4-1,Nuno Espirito Santo,253;171;1445;18744;409303;326176;19428;336585;1646;37724;25391,
1379024,39,2025,2025-09-27T14:00:00+00:00,FT,M. Oliver,63,Leeds,35,Bournemouth,2,2,1,1,1.84,0.04,19,8,16,6,7,12,2,,41,78,3,4-3-3,Daniel Farke,18885;19201;19321;64003;47969;18901;2279;177665;50739;18766;48389,,0.82,0.04,12,5,7,3,4,13,2,,59,86,6,4-2-3-1,Andoni Iraola,118307;330437;22136;6610;162267;1150;1125;129682;792;19281;152856,
1379025,39,2025,2025-09-27T14:00:00+00:00,FT,R. Jones,50,Manchester City,44,Burnley,5,1,1,1,2.03,-2.25,21,8,13,6,10,5,1,,69,89,1,4-1-4-1,Pep Guardiola,1622;41621;567;129033;307123;161933;266657;36902;631;1422;1100,,0.41,-2.25,9,2,5,5,2,7,3,,31,82,5,5-4-1,Mike Jackson,18886;627;20303;47903;179400;375915;161621;19827;575;196855;98936,
1379026,39,2025,2025-09-28T15:30:00+00:00,FT,J. Gillett,34,Newcastle,42,Arsenal,1,2,1,0,0.61,-0.07,8,3,7,4,7,8,2,,37,70,5,4-3-3,Eddie Howe,18911;158694;163189;38734;18961;10135;31146;723;19163;158054;138787,,2.04,-0.07,20,7,18,6,12,9,1,,63,82,2,4-2-3-1,Mikel Arteta,19465;38746;333682;22224;157052;47315;2937;1460;19586;1946;18979,
1379027,39,2025,2025-09-27T16:30:00+00:00,FT,T. Harrington,65,Nottingham Forest,746,Sunderland,0,1,0,1,1.68,1.69,22,6,15,6,7,11,4,,65,90,2,4-2-3-1,Vitor Pereira,2919;138780;2817;67943;641;6056;138908;129695;158697;48648;18931,,1.66,1.69,11,3,8,3,4,6,2,,35,81,6,4-2-3-1,Regis Le Bris,194536;119121;1146;6168;18816;1464;365331;336659;339201;20638;84087,
1379028,39,2025,2025-09-27T19:00:00+00:00,FT,M. Salisbury,47,Tottenham,39,Wolves,1,1,0,0,0.87,0.5,10,3,7,2,10,9,3,,51,82,2,4-2-3-1,Roberto De Zerbi,31354;19235;30776;152849;204039;41104;863;15911;347316;162016;2413,,1.15,0.5,9,3,6,1,9,11,2,,49,81,2,4-3-3,Rob Edwards,19143;18742;135334;66407;280687;3080;265784;195103;13708;2032;24888,
1379029,39,2025,2025-10-04T14:00:00+00:00,FT,J. Brooks,42,Arsenal,48,West Ham,2,0,1,0,2.77,0.2,21,5,16,9,8,14,0,,68,88,0,4-3-3,Mikel Arteta,19465;38746;22090;22224;157052;37127;2937;19586;1460;18979;1946,,0.49,0.2,4,0,4,1,3,14,2,,32,78,3,4-1-4-1,Nuno Espirito Santo,253;18846;1445;18744;409303;326176;19428;1646;336585;37724;25391,
1379030,39,2025,2025-10-05T13:00:00+00:00,FT,A. Kitchen,66,Aston Villa,44,Burnley,2,1,1,0,1.16,0.05,15,7,12,3,6,9,3,,55,88,1,4-2-2-2,Unai Emery,19599;19298;19354;46815;2724;284457;1904;19191;19170;249;19366,,0.4,0.05,5,2,3,2,4,15,1,,45,81,5,5-4-1,Mike Jackson,18886;627;20303;19182;179400;375915;161621;19827;575;196855;98936,
1379031,39,2025,2025-10-03T19:00:00+00:00,FT,S. Hooper,35,Bournemouth,36,Fulham,3,1,0,0,1.12,-1.19,11,6,6,3,4,8,0,,54,86,3,4-2-3-1,Andoni Iraola,118307;20093;22136;6610;162267;1150;304853;18870;19245;19281;152856,,0.88,-1.19,12,4,5,4,3,10,1,,46,81,3,3-4-2-1,Marco Silva,1438;18814;2729;152967;2920;2823;1934;19032;19221;1455;389315,
1379032,39,2025,2025-10-05T15:30:00+00:00,FT,D. England,55,Brentford,50,Manchester City,0,1,0,1,0.7,0.23,6,1,4,2,3,10,3,,30,80,3,5-3-2,Keith Andrews,281;342022;1119;36922;19495;44871;263538;292;15908;196156;178077,,0.85,0.23,10,4,6,4,2,6,2,,70,91,1,4-1-4-1,Pep Guardiola,1622;41621;567;129033;307123;44;278133;36902;631;266657;1100,
1379033,39,2025,2025-10-04T16:30:00+00:00,FT,A. Taylor,49,Chelsea,40,Liverpool,2,1,1,0,1,-0.34,12,6,6,2,7,9,0,,53,83,1,4-2-3-1,Calum McFarlane,18959;19545;366735;95;47380;161907;116117;1864;5996;284324;10329,,1.95,-0.34,12,2,8,5,2,8,2,,47,82,4,4-2-3-1,Arne Slot,24760;180317;1145;290;206254;542;6716;306;1096;247;2864,
1379034,39,2025,2025-10-05T13:00:00+00:00,FT,M. Salisbury,45,Everton,52,Crystal Palace,2,1,0,1,2.03,0.62,14,7,10,2,2,13,2,,50,81,5,4-2-3-1,Leighton Baines,2932;270139;2936;2934;2165;895;2990;304317;18592;19187;343684,,1.53,0.62,15,8,11,3,4,16,3,,50,81,5,3-4-2-1,Oliver Glasner,19088;126949;20995;67971;13736;288102;2601;182201;2218;184226;25927,
1379035,39,2025,2025-10-04T11:30:00+00:00,FT,T. Bramall,63,Leeds,47,Tottenham,1,2,1,1,1.68,0.66,16,4,11,2,4,10,2,,57,84,1,4-3-3,Daniel Farke,18885;19201;19321;64003;47969;18901;2279;177665;50739;18766;48389,,0.53,0.66,9,3,4,2,1,12,3,,43,80,3,4-2-3-1,Roberto De Zerbi,31354;47519;30776;152849;204039;863;41104;15911;162016;336564;270510,
1379036,39,2025,2025-10-04T14:00:00+00:00,FT,S. Attwell,33,Manchester United,746,Sunderland,2,0,2,0,1.84,0.07,15,6,11,2,2,10,1,,50,78,3,3-4-2-1,Michael Carrick,162511;342970;532;891;157997;747;1485;886;20589;19220;115589,,0.71,0.07,8,3,5,1,3,12,4,,50,80,4,4-2-3-1,Regis Le Bris,194536;119121;1146;6168;18816;1464;365331;671;20638;301771;84087,
1379037,39,2025,2025-10-05T13:00:00+00:00,FT,P. Bankes,34,Newcastle,65,Nottingham Forest,2,0,0,0,3.45,1.84,18,9,13,5,8,16,0,,51,83,4,4-3-3,Eddie Howe,18911;169;163189;38734;18961;10135;31146;723;153430;158054;138787,,0.3,1.84,5,4,4,0,1,15,4,,49,82,7,3-4-3,Vitor Pereira,2919;362711;2817;67943;181806;19305;138908;138780;18746;18931;48648,
1379038,39,2025,2025-10-05T13:00:00+00:00,FT,J. Gillett,39,Wolves,51,Brighton,1,1,1,0,0.56,-0.33,6,3,4,0,2,13,2,,42,76,5,4-3-3,Rob Edwards,19143;296560;135334;66407;280687;3080;265784;195103;13708;2032;24888,,0.92,-0.33,17,6,10,5,8,9,4,,58,87,3,4-2-3-1,Fabian Hurzeler,129058;92993;38695;18963;1361;356041;265820;328225;278370;383685;1469,
1379039,39,2025,2025-10-18T14:00:00+00:00,FT,C. Pawson,51,Brighton,34,Newcastle,2,1,1,0,0.91,-0.56,13,5,6,5,8,9,0,,46,81,2,4-2-3-1,Fabian Hurzeler,129058;92993;38695;18963;1361;356041;265820;383685;90590;278370;1469,,1.45,-0.56,16,3,10,5,4,9,1,,54,85,3,4-3-3,Eddie Howe,18911;169;163189;38734;18961;10135;31146;723;153430;158054;138787,
1379040,39,2025,2025-10-18T14:00:00+00:00,FT,T. Robinson,44,Burnley,63,Leeds,2,0,1,0,0.45,-0.79,4,3,1,0,1,10,2,,31,76,4,4-2-3-1,Mike Jackson,18886;627;19182;179400;375915;19827;575;22;270508;196855;36927,,2.63,-0.79,19,4,17,3,5,7,1,,69,86,1,4-3-3,Daniel Farke,18885;19201;19321;64003;47969;18901;2279;177665;50739;18766;19128,
1379041,39,2025,2025-10-18T14:00:00+00:00,FT,J. Gillett,52,Crystal Palace,35,Bournemouth,3,3,0,2,4.44,0.93,20,7,15,7,6,8,1,,52,76,2,3-4-2-1,Oliver Glasner,19088;126949;20995;67971;13736;2601;288102;182201;2218;184226;25927,,2.03,0.93,8,5,5,0,5,16,4,,48,77,4,4-2-3-1,Andoni Iraola,118307;330437;22136;6610;162267;304853;1150;19245;792;19281;368030,
1379042,39,2025,2025-10-18T16:30:00+00:00,FT,A. Taylor,36,Fulham,42,Arsenal,0,1,0,0,0.44,0,9,0,6,3,6,11,,,37,79,4,4-2-3-1,Marco Silva,1438;2920;2729;131;19032;1934;19025;19221;389315;1455;2887,,1.87,0,16,5,14,4,10,4,,,63,87,0,4-3-3,Mikel Arteta,19465;38746;22090;22224;157052;19586;47315;2937;1460;18979;1946,
1379043,39,2025,2025-10-19T15:30:00+00:00,FT,M. Oliver,40,Liverpool,33,Manchester United,1,2,0,1,2.75,1.33,19,6,16,2,9,8,0,,64,85,2,4-2-3-1,Arne Slot,24760;180317;1145;290;206254;542;6716;306;1096;247;2864,,1.34,1.33,12,4,10,3,4,14,2,,36,68,5,3-4-2-1,Michael Carrick,162511;532;2935;891;157997;747;1485;886;20589;19220;1165,
1379044,39,2025,2025-10-18T14:00:00+00:00,FT,T. Harrington,50,Manchester City,45,Everton,2,0,0,0,2.38,-0.52,19,7,16,7,11,8,0,,71,91,1,4-1-4-1,Pep Guardiola,1622;41621;567;18861;307123;161933;266657;36902;631;1422;1100,,0.81,-0.52,5,1,4,2,3,14,2,,29,79,5,4-2-3-1,Leighton Baines,2932;270139;2936;2934;2165;895;2990;18592;148099;195993;125743,
1379045,39,2025,2025-10-18T11:30:00+00:00,FT,C. Kavanagh,65,Nottingham Forest,49,Chelsea,0,3,0,0,2.35,0.55,12,2,8,2,5,13,2,0,50,82,3,5-3-2,Vitor Pereira,2919;138780;2817;67943;363695;641;47522;22149;138908;18746;8598,,1.67,0.55,17,6,11,5,2,16,4,1,50,86,2,4-2-3-1,Calum McFarlane,18959;19545;366735;19720;47380;161907;282125;1864;305834;284324;10329,87
1379046,39,2025,2025-10-18T14:00:00+00:00,FT,R. Jones,746,Sunderland,39,Wolves,2,0,1,0,0.65,-1.78,8,2,5,3,2,5,,,41,73,3,4-2-3-1,Regis Le Bris,194536;1146;55904;6168;119121;1464;365331;671;339201;20638;84087,,0.83,-1.78,16,3,8,5,2,12,,,59,84,1,4-3-3,Rob Edwards,19143;18742;135334;66407;280687;3080;265784;195103;13708;2032;282770,
1379047,39,2025,2025-10-19T13:00:00+00:00,FT,S. Hooper,47,Tottenham,66,Aston Villa,1,2,1,1,0.75,0,10,3,7,2,6,11,2,,53,88,0,4-2-3-1,Roberto De Zerbi,31354;47519;25287;152849;19235;41104;863;15911;162016;336564;270510,,0.32,0,8,2,2,2,6,7,0,,47,84,2,4-2-3-1,Unai Emery,19599;19298;19354;46815;2724;1904;162714;137303;19170;19191;249,
1379048,39,2025,2025-10-20T19:00:00+00:00,FT,A. Madley,48,West Ham,55,Brentford,0,2,0,1,0.35,0.2,7,1,2,3,6,10,1,,44,75,4,4-2-3-1,Nuno Espirito Santo,253;327730;138;18744;171;1243;68466;19428;37724;336585;1646,,2.37,0.2,22,7,20,5,10,10,1,,56,82,1,4-2-3-1,Keith Andrews,281;342022;19495;36922;1119;263538;292;284797;15908;178077;196156,
1379049,39,2025,2025-10-26T14:00:00+00:00,FT,T. Bramall,42,Arsenal,52,Crystal Palace,1,0,1,0,0.92,0.02,10,3,7,3,4,6,,,60,83,1,4-3-3,Mikel Arteta,19465;38746;22090;22224;157052;19586;47315;2937;1460;18979;1946,,0.45,0.02,7,1,5,3,3,11,,,40,74,2,3-4-2-1,Oliver Glasner,19088;126949;20995;67971;13736;288102;2601;182201;2218;184226;25927,
1379050,39,2025,2025-10-26T14:00:00+00:00,FT,M. Oliver,66,Aston Villa,50,Manchester City,1,0,1,0,0.81,-0.19,9,3,8,5,5,8,1,,47,86,3,4-2-3-1,Unai Emery,19599;19298;19354;46815;2724;1904;162714;19191;19170;19071;19366,,1.18,-0.19,18,4,14,9,6,16,4,,53,90,2,4-1-4-1,Pep Guardiola,1622;41621;626;567;129033;36902;278133;631;636;266657;1100,
1379051,39,2025,2025-10-26T14:00:00+00:00,FT,S. Barrott,35,Bournemouth,65,Nottingham Forest,2,0,2,0,0.58,-1.44,13,5,5,4,6,17,3,,52,80,4,4-2-3-1,Andoni Iraola,118307;330437;412719;6610;162267;304853;1150;19245;792;19281;368030,,0.37,-1.44,8,4,3,2,4,7,1,,48,78,3,4-2-3-1,Vitor Pereira,2919;181806;2817;363695;138780;47522;138908;48648;18746;2298;9366,
1379052,39,2025,2025-10-25T19:00:00+00:00,FT,S. Hooper,55,Brentford,40,Liverpool,3,2,2,1,2.75,-0.51,17,8,12,2,5,7,3,,34,70,3,4-2-3-1,Keith Andrews,281;342022;19495;36922;1119;263538;292;284797;15908;178077;196156,,2.3,-0.51,18,5,12,6,4,10,2,,66,84,5,4-2-3-1,Arne Slot,24760;180317;1145;290;206254;1096;293;306;203224;247;174565,
1379053,39,2025,2025-10-25T14:00:00+00:00,FT,A. Madley,49,Chelsea,746,Sunderland,1,2,1,1,0.9,-0.01,16,7,10,4,9,15,1,,68,90,2,4-2-3-1,Calum McFarlane,18959;19545;19720;366735;47380;116117;5996;1864;10329;284324;392270,,1.31,-0.01,10,4,7,4,1,13,1,,32,78,6,5-4-1,Regis Le Bris,194536;119121;1146;55904;37143;22225;671;1464;365331;20638;84087,
1379054,39,2025,2025-10-26T16:30:00+00:00,FT,C. Pawson,45,Everton,47,Tottenham,0,3,0,2,1.74,1.2,12,2,8,5,9,9,2,,54,85,1,4-2-3-1,Leighton Baines,2932;270139;2936;2934;2165;2990;895;18592;148099;19187;125743,,1.72,1.2,7,4,5,1,8,8,0,,46,83,2,4-2-3-1,Roberto De Zerbi,31354;47519;25287;152849;19235;41104;863;129711;15911;162016;21104,
1379055,39,2025,2025-10-24T19:00:00+00:00,FT,S. Attwell,63,Leeds,48,West Ham,2,1,2,0,1.49,-0.54,13,5,8,3,3,12,3,,41,80,2,4-3-3,Daniel Farke,80296;19201;19321;833;47969;18901;2279;32966;50739;18766;48389,,0.65,-0.54,9,3,4,3,4,11,3,,59,82,3,3-4-3,Nuno Espirito Santo,253;138;18744;18846;327730;1243;68466;409303;37724;1646;19428,
1379056,39,2025,2025-10-25T16:30:00+00:00,FT,A. Taylor,33,Manchester United,51,Brighton,4,2,2,0,1.29,-0.96,13,9,7,1,1,4,2,,44,82,3,3-4-2-1,Michael Carrick,162511;342970;532;891;157997;747;1485;886;20589;1165;115589,,1.12,-0.96,17,5,10,4,6,13,2,,56,85,5,4-2-3-1,Fabian Hurzeler,129058;92993;38695;18963;162007;356041;265820;1361;90590;383685;1469,
1379057,39,2025,2025-10-25T14:00:00+00:00,FT,P. Bankes,34,Newcastle,36,Fulham,2,1,1,0,2.14,0.15,18,7,10,5,4,11,0,,51,84,4,4-3-3,Eddie Howe,18911;169;163189;38734;18961;10135;328105;723;19163;158054;138787,,1.53,0.15,12,5,8,5,3,18,2,,49,79,5,4-2-3-1,Marco Silva,1438;657;18814;152967;19032;2823;1934;18753;1161;1455;2887,
1379058,39,2025,2025-10-26T14:00:00+00:00,FT,T. Harrington,39,Wolves,44,Burnley,2,3,2,2,2.28,0.3,15,7,10,2,4,12,1,,57,84,4,4-3-3,Rob Edwards,19143;285;135334;66407;280687;3080;265784;20665;13708;2032;282770,,1.43,0.3,11,7,6,3,3,7,0,,43,79,5,4-2-3-1,Mike Jackson,18886;627;19182;179400;375915;19827;575;22;270508;196855;36927,
1379059,39,2025,2025-11-01T15:00:00+00:00,FT,M. Oliver,51,Brighton,63,Leeds,3,0,1,0,3.07,1.48,14,7,8,2,4,10,0,,50,88,2,4-2-3-1,Fabian Hurzeler,129058;92993;38695;18963;1361;356041;265820;383685;90590;278370;1469,,0.5,1.48,5,2,3,1,7,7,1,,50,87,4,4-1-4-1,Daniel Farke,80296;19201;19321;833;47969;2279;50739;18901;32966;48389;18766,
1379060,39,2025,2025-11-01T15:00:00+00:00,FT,C. Kavanagh,44,Burnley,42,Arsenal,0,2,0,2,0.42,0,3,0,2,0,1,10,2,,46,81,5,5-4-1,Mike Jackson,18886;627;20303;19182;179400;375915;270508;19827;575;196855;36927,,2.42,0,12,8,9,1,6,13,1,,54,86,0,4-3-3,Mikel Arteta,19465;38746;22090;22224;157052;19586;47315;2937;1460;18979;1946,
1379061,39,2025,2025-11-01T15:00:00+00:00,FT,P. Bankes,52,Crystal Palace,55,Brentford,2,0,1,0,0.7,-1.18,10,3,6,4,6,7,0,,36,66,2,3-4-2-1,Oliver Glasner,19088;126949;20995;67971;13736;2490;2601;182201;2218;184226;25927,,0.54,-1.18,6,2,2,2,5,11,3,,64,80,2,4-2-3-1,Keith Andrews,281;342022;19495;36922;1119;263538;292;284797;15908;178077;196156,
1379062,39,2025,2025-11-01T15:00:00+00:00,FT,J. Brooks,36,Fulham,39,Wolves,3,0,1,0,1.39,-1.08,19,6,11,8,10,13,1,0,63,87,2,4-2-3-1,Marco Silva,1438;657;2729;152967;19032;1455;1934;19221;389315;237819;2887,,0.24,-1.08,5,2,3,1,1,14,3,1,37,77,4,5-3-2,Rob Edwards,19143;285;135334;135068;41606;280687;20665;66407;3080;2032;13708,36
1379063,39,2025,2025-11-01T20:00:00+00:00,FT,S. Attwell,40,Liverpool,66,Aston Villa,2,0,1,0,1.19,-0.99,16,4,7,5,1,13,2,,53,87,3,4-2-3-1,Arne Slot,24760;180317;1145;290;289;542;6716;306;1096;247;174565,,0.41,-0.99,10,3,4,1,4,11,3,,47,84,2,4-2-3-1,Unai Emery,19599;19298;19354;46815;2724;1904;162714;137303;19170;19191;19366,
1379064,39,2025,2025-11-02T16:30:00+00:00,FT,A. Taylor,50,Manchester City,35,Bournemouth,3,1,2,1,2.22,-1.61,15,8,13,3,9,8,2,,48,86,4,4-3-2-1,Pep Guardiola,1622;41621;567;129033;307123;636;161933;631;156477;1422;1100,,0.72,-1.61,8,5,4,1,4,11,2,,52,88,4,4-2-3-1,Andoni Iraola,118307;330437;22136;6610;162267;1150;304853;18870;19245;19281;368030,
1379065,39,2025,2025-11-01T15:00:00+00:00,FT,D. England,65,Nottingham Forest,33,Manchester United,2,2,0,1,1.93,-0.44,17,3,11,6,8,17,1,,41,75,4,4-2-3-1,Vitor Pereira,2919;181806;2817;363695;138780;47522;138908;48648;18746;2298;9366,,1.12,-0.44,18,7,8,5,5,0,1,,59,84,1,3-4-2-1,Michael Carrick,162511;342970;532;891;157997;747;1485;886;20589;1165;115589,
1379066,39,2025,2025-11-03T20:00:00+00:00,FT,T. Bramall,746,Sunderland,45,Everton,1,1,0,1,1.22,0.37,17,3,12,7,4,10,3,,61,85,1,3-4-3,Regis Le Bris,194536;1146;55904;37143;119121;1464;365331;22225;671;84087;20638,,0.89,0.37,8,2,5,3,1,12,2,,39,77,2,4-2-3-1,Leighton Baines,2932;270139;2936;2934;2165;2990;895;18592;148099;19187;343684,
1379067,39,2025,2025-11-01T17:30:00+00:00,FT,J. Gillett,47,Tottenham,49,Chelsea,0,1,0,1,0.1,0.16,3,1,2,1,6,14,4,,48,76,8,4-2-3-1,Roberto De Zerbi,31354;47519;25287;152849;19235;41104;863;15911;237129;347316;21104,,3.68,0.16,15,9,12,1,5,12,2,,52,81,1,4-2-3-1,Calum McFarlane,18959;161907;22094;19720;47380;19545;116117;1864;5996;284324;10329,
1379068,39,2025,2025-11-02T14:00:00+00:00,FT,R. Jones,48,West Ham,34,Newcastle,3,1,2,1,1.75,-1.07,15,9,10,3,7,5,1,,37,77,3,4-3-3,Nuno Espirito Santo,253;18846;18744;138;409303;336585;284446;1646;19428;2939;37724,,0.52,-1.07,12,4,6,2,6,10,2,,63,86,7,4-3-3,Eddie Howe,18911;2855;163189;38734;18961;10135;31146;723;19163;158054;138787,
1379069,39,2025,2025-11-09T14:00:00+00:00,FT,J. Brooks,66,Aston Villa,35,Bournemouth,4,0,2,0,1.7,-1.72,16,8,10,6,6,8,2,,52,78,3,4-4-2,Unai Emery,19599;19298;19354;46815;2724;19191;1904;162714;19071;19170;19366,,1.61,-1.72,12,3,6,4,9,20,2,,48,80,4,4-2-3-1,Andoni Iraola,118307;18869;412719;6610;162267;304853;1150;19281;792;19245;152856,
1379070,39,2025,2025-11-09T14:00:00+00:00,FT,S. Attwell,55,Brentford,34,Newcastle,3,1,0,1,2.35,-0.25,15,7,13,4,6,23,2,0,49,76,0,4-2-3-1,Keith Andrews,281;342022;19495;36922;44871;292;263538;284797;15908;178077;196156,,0.44,-0.25,5,1,2,1,2,0,3,1,51,82,4,4-3-3,Eddie Howe,18911;169;163189;38734;18961;10135;31146;723;19163;158054;18778,73
1379071,39,2025,2025-11-08T20:00:00+00:00,FT,A. Kitchen,49,Chelsea,39,Wolves,3,0,0,0,3.31,0.19,20,8,13,6,10,12,1,,64,88,0,4-2-3-1,Calum McFarlane,18959;161907;22094;19720;47380;116117;5996;1864;10329;284324;161948,,0.17,0.19,3,0,1,0,1,14,2,,36,81,5,5-3-2,Rob Edwards,19143;296560;135334;66407;41606;280687;20665;265784;195103;2032;24888,
1379072,39,2025,2025-11-09T14:00:00+00:00,FT,T. Robinson,52,Crystal Palace,51,Brighton,0,0,0,0,0.75,0.92,10,2,8,1,4,10,1,,42,73,3,3-4-2-1,Oliver Glasner,19088;126949;20995;412759;13736;288102;2490;182201;2218;2601;25927,,0.39,0.92,7,3,5,3,8,12,4,,58,84,2,4-2-3-1,Fabian Hurzeler,129058;92993;38695;18963;1361;356041;265820;383685;90590;278370;1469,
1379073,39,2025,2025-11-08T15:00:00+00:00,FT,A. Madley,45,Everton,36,Fulham,2,0,1,0,1.44,-0.54,14,5,6,4,7,11,2,,50,84,4,4-2-3-1,Leighton Baines,2932;895;2936;2934;2165;284500;2990;18592;148099;19187;343684,,0.4,-0.54,8,4,5,3,5,14,2,,50,82,3,4-2-3-1,Marco Silva,1438;657;2729;152967;19032;2823;1934;19221;1455;237819;2887,
1379074,39,2025,2025-11-09T16:30:00+00:00,FT,C. Kavanagh,50,Manchester City,40,Liverpool,3,0,2,0,1.51,-0.87,14,6,8,5,7,14,2,,49,83,2,4-3-3,Pep Guardiola,1622;41621;567;129033;307123;636;161933;631;156477;1100;1422,,0.61,-0.87,7,1,5,4,7,15,4,,51,87,3,4-2-3-1,Arne Slot,24760;180317;1145;290;289;542;6716;306;1096;203224;174565,
1379075,39,2025,2025-11-09T14:00:00+00:00,FT,J. Gillett,65,Nottingham Forest,63,Leeds,3,1,1,1,2.55,0.42,14,6,10,6,6,10,2,,46,80,2,4-2-3-1,Vitor Pereira,2919;181806;2817;363695;138780;22149;138908;48648;18746;6056;9366,,0.69,0.42,10,3,5,2,4,11,1,,54,81,3,4-3-3,Daniel Farke,80296;19201;19321;833;47969;18901;2279;177665;50739;19461;48389,
1379076,39,2025,2025-11-08T17:30:00+00:00,FT,C. Pawson,746,Sunderland,42,Arsenal,2,2,1,0,0.44,-1.18,6,2,6,2,2,13,2,,35,79,5,5-4-1,Regis Le Bris,194536;119121;1146;55904;37143;22225;671;1464;365331;20638;84087,,1.91,-1.18,17,7,12,4,2,13,1,,65,87,0,4-2-3-1,Mikel Arteta,19465;38746;22090;22224;157052;47315;2937;1460;19586;1946;47311,
1379077,39,2025,2025-11-08T12:30:00+00:00,FT,S. Barrott,47,Tottenham,33,Manchester United,2,2,0,1,0.92,-0.02,10,4,6,3,5,10,5,,55,83,0,4-2-3-1,Roberto De Zerbi,31354;47519;30776;152849;19235;41104;237129;129711;162016;2413;21104,,0.63,-0.02,5,2,5,1,3,8,1,,45,77,2,3-4-2-1,Michael Carrick,162511;532;2935;891;545;747;1485;382452;157997;20589;1165,
1379078,39,2025,2025-11-08T15:00:00+00:00,FT,M. Salisbury,48,West Ham,44,Burnley,3,2,1,1,3.02,0.06,15,6,8,8,7,15,2,,43,82,5,4-3-3,Nuno Espirito Santo,253;18846;18744;138;409303;336585;284446;1646;19428;2939;37724,,1.06,0.06,16,7,9,7,4,13,2,,57,85,3,4-2-3-1,Mike Jackson,18886;627;19182;179400;375915;19827;575;161621;270508;196855;36927,
1379079,39,2025,2025-11-23T16:30:00+00:00,FT,M. Oliver,42,Arsenal,47,Tottenham,4,1,2,0,1.93,-0.85,17,8,12,2,4,11,1,,57,81,1,4-2-3-1,Mikel Arteta,19465;38746;22090;127817;157052;47315;2937;1460;19586;1946;47311,,0.07,-0.85,3,2,0,0,1,15,3,,43,76,4,3-4-2-1,Roberto De Zerbi,31354;25287;30776;152849;19235;41104;863;204039;15911;336564;2413,
1379080,39,2025,2025-11-22T15:00:00+00:00,FT,T. Bramall,35,Bournemouth,48,West Ham,2,2,0,2,4.05,2.49,28,10,22,7,9,9,3,,76,86,0,4-2-3-1,Andoni Iraola,118307;18872;22136;6610;162267;304853;1150;18870;368030;19245;152856,,0.65,2.49,5,2,4,1,2,10,2,,24,57,10,3-4-3,Nuno Espirito Santo,253;18744;7600;138;18846;284446;336585;409303;19428;2939;404574,
1379081,39,2025,2025-11-22T15:00:00+00:00,FT,C. Kavanagh,51,Brighton,55,Brentford,2,1,0,1,1.22,-0.4,14,5,8,1,7,10,4,,64,83,3,4-2-3-1,Fabian Hurzeler,129058;92993;38695;22160;1361;356041;265820;383685;90590;278370;1469,,1.91,-0.4,10,4,7,1,4,9,2,,36,75,3,4-2-3-1,Keith Andrews,281;342022;19495;36922;1119;292;263538;284797;15908;178077;196156,
1379082,39,2025,2025-11-22T12:30:00+00:00,FT,P. Bankes,44,Burnley,49,Chelsea,0,2,0,1,0.44,0.11,8,2,6,3,1,13,2,,44,79,3,4-3-3,Mike Jackson,18886;627;19182;179400;375915;270508;19827;575;161621;36927;196855,,1.72,0.11,15,5,10,5,9,8,3,,56,84,2,4-2-3-1,Calum McFarlane,18959;19545;19145;19720;47380;5996;305834;1864;10329;286894;161948,
1379083,39,2025,2025-11-22T15:00:00+00:00,FT,D. England,36,Fulham,746,Sunderland,1,0,0,0,2.16,0.27,24,6,18,5,7,5,3,,57,85,2,4-2-3-1,Marco Silva,1438;657;2729;152967;19032;1934;1455;19221;389315;237819;2887,,0.17,0.27,4,2,4,1,4,13,3,,43,80,4,5-4-1,Regis Le Bris,194536;119121;1146;55904;37143;22225;671;1464;365331;20638;84087,
1379084,39,2025,2025-11-23T14:00:00+00:00,FT,R. Jones,63,Leeds,66,Aston Villa,1,2,1,0,1.79,0.71,14,5,9,4,3,18,5,,48,85,2,4-3-3,Daniel Farke,80296;19201;19321;64003;47969;18901;2279;177665;50739;19461;48389,,1.58,0.71,14,3,8,4,3,16,1,,52,80,3,4-4-2,Unai Emery,19599;19298;19354;46815;2724;19191;1904;2926;19071;19170;19366,
1379085,39,2025,2025-11-22T15:00:00+00:00,FT,A. Madley,40,Liverpool,65,Nottingham Forest,0,3,0,1,1.93,0.67,21,4,16,9,8,11,2,,75,89,4,4-3-3,Arne Slot,280;1096;1145;290;206254;293;542;6716;306;2864;247,,1.58,0.67,15,7,9,5,6,8,0,,25,70,3,4-2-3-1,Vitor Pereira,2919;181806;2817;363695;138780;22149;138908;48648;18746;6056;9366,
1379086,39,2025,2025-11-24T20:00:00+00:00,FT,T. Harrington,33,Manchester United,45,Everton,0,1,0,1,1.71,1.85,25,6,17,7,9,12,2,0,70,88,0,3-4-2-1,Michael Carrick,162511;342970;532;891;545;1485;747;382452;20589;157997;70100,,0.21,1.85,3,1,2,1,1,9,0,1,30,68,6,4-2-3-1,Leighton Baines,2932;18758;2936;2934;2165;895;2990;18592;148099;19187;343684,13
1379087,39,2025,2025-11-22T17:30:00+00:00,FT,S. Barrott,34,Newcastle,50,Manchester City,2,1,0,0,2.24,0.5,9,5,7,1,5,13,1,,33,77,3,4-5-1,Eddie Howe,18911;158694;163189;2806;284492;19163;31146;10135;723;18778;158054,,2.49,0.5,17,4,14,4,9,8,3,,67,90,3,4-3-2-1,Pep Guardiola,1622;41621;567;129033;307123;631;161933;636;156477;1422;1100,
1379088,39,2025,2025-11-22T15:00:00+00:00,FT,A. Taylor,39,Wolves,52,Crystal Palace,0,2,0,0,1.79,0.08,8,1,5,2,1,13,2,,48,81,2,5-3-2,Rob Edwards,19143;296560;135068;66407;41606;265782;195103;265784;3080;2032;110153,,1.27,0.08,10,4,6,3,4,9,3,,52,83,1,3-4-3,Oliver Glasner,19088;126949;20995;67971;13736;288102;2601;182201;2218;25927;184226,
1379089,39,2025,2025-11-30T14:05:00+00:00,FT,C. Kavanagh,66,Aston Villa,39,Wolves,1,0,0,0,0.94,0.17,16,6,9,4,7,13,0,,52,87,4,4-2-3-1,Unai Emery,19599;19298;19354;46815;2724;1904;2926;19191;19170;19071;249,,0.49,0.17,9,4,7,3,3,21,4,,48,87,5,3-4-3,Rob Edwards,19143;195717;135068;41606;296560;265784;195103;265782;13708;2032;20665,
1379090,39,2025,2025-11-29T15:00:00+00:00,FT,S. Barrott,55,Brentford,44,Burnley,3,1,0,0,3.06,-0.85,14,4,11,1,5,7,0,,52,79,1,4-2-3-1,Keith Andrews,281;342022;19495;36922;44871;292;47438;284797;15908;178077;196156,,0.95,-0.85,6,2,2,3,6,7,2,,48,69,1,4-2-3-1,Mike Jackson,18886;627;19182;179400;375915;19827;575;161621;180560;98936;36927,
1379091,39,2025,2025-11-30T16:30:00+00:00,FT,A. Taylor,49,Chelsea,42,Arsenal,1,1,0,0,0.79,0.15,11,4,6,2,3,12,1,1,38,80,3,4-2-3-1,Calum McFarlane,18959;161907;22094;19720;47380;19545;116117;425733;5996;1864;10329,38,1.26,0.15,8,4,6,1,3,13,6,0,62,84,3,4-3-3,Mikel Arteta,19465;38746;333682;127817;157052;19586;47315;2937;1460;47311;127769,
1379092,39,2025,2025-11-30T12:00:00+00:00,FT,R. Jones,52,Crystal Palace,33,Manchester United,1,2,1,0,1.83,0.07,14,3,11,5,4,14,3,,44,72,4,3-4-2-1,Oliver Glasner,19088;126949;20995;67971;13736;288102;2601;182201;2218;184226;25927,,1.19,0.07,14,6,8,0,4,14,2,,56,79,2,3-4-2-1,Michael Carrick,162511;342970;532;891;157997;747;1485;886;20589;19220;70100,
1379093,39,2025,2025-11-29T17:30:00+00:00,FT,C. Pawson,45,Everton,34,Newcastle,1,4,0,3,0.99,-0.11,10,2,7,2,8,4,,,49,88,3,4-2-3-1,Leighton Baines,2932;270139;2936;2934;2165;895;284500;18592;148099;19187;343684,,1.91,-0.11,13,8,10,4,7,6,,,51,88,1,4-3-3,Eddie Howe,20355;158694;163189;18961;284492;328105;10135;723;153430;158054;18778,
1379094,39,2025,2025-11-29T15:00:00+00:00,FT,P. Bankes,50,Manchester City,63,Leeds,3,2,2,0,3.1,0.68,18,9,14,6,8,17,4,,62,88,1,4-3-2-1,Pep Guardiola,1622;41621;567;129033;307123;636;161933;36902;631;1422;1100,,1.54,0.68,9,4,8,2,1,11,1,,38,76,6,4-3-3,Daniel Farke,80296;19201;19321;64003;19760;32966;2279;129142;19329;19461;162128,
1379095,39,2025,2025-11-30T14:05:00+00:00,FT,M. Oliver,65,Nottingham Forest,51,Brighton,0,2,0,1,0.89,0.4,19,3,13,10,9,11,0,,52,83,3,4-2-3-1,Vitor Pereira,2919;181806;2817;67943;138780;22149;138908;48648;18746;6056;9366,,2,0.4,17,6,11,6,2,10,1,,48,82,3,4-2-3-1,Fabian Hurzeler,129058;92993;38695;18963;1361;265820;278370;383685;90590;162007;1469,
1379096,39,2025,2025-11-29T15:00:00+00:00,FT,T. Robinson,746,Sunderland,35,Bournemouth,3,2,1,2,1.28,-1.18,12,6,10,2,6,14,5,0,43,72,4,4-2-3-1,Regis Le Bris,194536;1146;55904;6168;22225;1464;365331;671;20638;336659;84087,,1.7,-1.18,18,6,13,4,3,13,5,1,57,81,3,4-2-3-1,Andoni Iraola,118307;18869;22136;6610;162267;304853;1150;129682;19245;19281;152856,90
1379097,39,2025,2025-11-29T20:00:00+00:00,FT,S. Attwell,47,Tottenham,36,Fulham,1,2,0,2,0.86,-0.54,14,2,10,6,8,11,3,,63,87,1,4-2-2-2,Roberto De Zerbi,31354;47519;25287;152849;204039;328089;41104;15911;347316;21104;2413,,0.45,-0.54,7,3,3,3,2,7,2,,37,75,0,4-2-3-1,Marco Silva,1438;657;2729;152967;19032;1934;1455;19221;389315;1696;2887,
1379098,39,2025,2025-11-30T14:05:00+00:00,FT,D. England,48,West Ham,40,Liverpool,0,2,0,0,0.29,0,7,0,4,5,7,12,3,1,44,80,3,4-2-3-1,Nuno Espirito Santo,253;18846;1445;138;409303;326176;284446;19428;1646;336585;2939,84,1.24,0,9,5,5,0,2,14,0,0,56,86,0,4-2-3-1,Arne Slot,280;284;1145;290;206254;542;6716;1096;203224;247;2864,
1379099,39,2025,2025-12-03T19:30:00+00:00,FT,T. Harrington,42,Arsenal,55,Brentford,2,0,1,0,1.77,-0.72,15,7,10,4,4,7,0,,62,84,1,4-3-3,Mikel Arteta,19465;19959;333682;127817;157052;37127;47315;2937;136723;47311;127769,,0.35,-0.72,6,1,5,3,8,9,1,,38,77,5,5-3-2,Keith Andrews,281;342022;1119;19789;36922;19346;263538;25073;47438;284797;178077,
1379100,39,2025,2025-12-02T19:30:00+00:00,FT,M. Salisbury,35,Bournemouth,45,Everton,0,1,0,0,0.5,0.5,5,2,5,2,1,14,3,,55,84,2,4-2-3-1,Andoni Iraola,118307;330437;412719;22136;162267;1150;304853;129682;792;19281;368030,,1.44,0.5,13,3,9,5,6,14,3,,45,74,2,4-2-3-1,Leighton Baines,2932;895;2936;270139;2165;284500;148099;18592;195993;19187;343684,
1379101,39,2025,2025-12-03T19:30:00+00:00,FT,A. Madley,51,Brighton,66,Aston Villa,3,4,2,2,2.21,-0.81,16,7,12,3,5,10,2,,56,85,6,4-2-3-1,Fabian Hurzeler,129058;92993;38695;18963;1361;356041;278370;383685;328225;162007;343311,,2.41,-0.81,14,10,12,2,6,9,2,,44,83,4,4-2-3-1,Unai Emery,36878;19298;19354;46815;138816;1904;162714;137303;19191;19170;19366,
1379102,39,2025,2025-12-03T19:30:00+00:00,FT,T. Kirk,44,Burnley,52,Crystal Palace,0,1,0,1,0.95,0.46,11,4,8,6,3,9,,,58,84,2,4-4-2,Mike Jackson,18886;627;47903;179400;375915;161621;19827;575;196855;36927;98936,,0.59,0.46,3,3,3,0,3,8,,,42,74,3,3-4-2-1,Oliver Glasner,19088;126949;20995;67971;13736;288102;2490;182201;2601;184226;25927,
1379103,39,2025,2025-12-02T19:30:00+00:00,FT,C. Pawson,36,Fulham,50,Manchester City,4,5,1,3,0.91,-2.09,12,6,9,3,7,9,0,,57,88,0,4-2-3-1,Marco Silva,1438;657;2729;152967;19032;2823;1934;19221;1161;1455;2887,,2.17,-2.09,11,4,9,4,2,7,1,,43,84,1,4-3-3,Pep Guardiola,1622;41621;567;129033;307123;636;161933;36902;631;1100;1422,
1379104,39,2025,2025-12-03T20:15:00+00:00,FT,D. England,63,Leeds,49,Chelsea,3,1,2,0,2.79,-0.47,17,5,11,2,4,10,1,,29,70,1,3-5-2,Daniel Farke,80296;19321;833;64003;19201;32966;2279;177665;47969;18766;19461,,0.96,-0.47,14,2,11,5,2,13,1,,71,89,2,4-2-3-1,Calum McFarlane,18959;19720;19145;95;47380;5996;305834;425733;10329;286894;161948,
1379105,39,2025,2025-12-03T20:15:00+00:00,FT,S. Attwell,40,Liverpool,746,Sunderland,1,1,0,0,1.45,-0.26,23,4,13,11,7,10,1,,68,87,4,4-2-3-1,Arne Slot,280;284;1145;290;289;542;6716;1096;203224;247;2864,,0.41,-0.26,9,6,4,1,3,5,1,,32,72,4,4-4-2,Regis Le Bris,194536;1146;55904;6168;22225;119121;1464;365331;336659;20638;38750,
1379106,39,2025,2025-12-04T20:00:00+00:00,FT,A. Kitchen,33,Manchester United,48,West Ham,1,1,0,0,1.8,-0.42,17,4,13,8,6,13,2,,65,82,1,3-4-2-1,Michael Carrick,162511;545;402329;891;157997;747;1485;886;20589;1165;70100,,0.79,-0.42,11,3,10,5,6,9,2,,35,71,3,4-2-3-1,Nuno Espirito Santo,253;18846;1445;138;409303;326176;284446;1243;19428;336585;2939,
1379107,39,2025,2025-12-02T20:15:00+00:00,FT,T. Bramall,34,Newcastle,47,Tottenham,2,2,0,0,2.04,0.42,19,7,13,7,11,5,0,,53,86,0,4-3-3,Eddie Howe,20355;158694;163189;18961;284492;328105;31146;723;19163;158054;18778,,0.75,0.42,8,2,7,5,8,12,3,,47,81,4,4-2-3-1,Roberto De Zerbi,31354;47519;30776;25287;204039;863;237129;15911;347316;129711;21104,
1379108,39,2025,2025-12-03T19:30:00+00:00,FT,T. Robinson,39,Wolves,65,Nottingham Forest,0,1,0,0,0.91,0.14,5,1,4,2,3,19,2,,50,79,2,3-4-3,Rob Edwards,19143;195717;135068;41606;296560;265784;195103;265782;13708;2032;20665,,0.74,0.14,10,3,7,4,9,11,2,,50,80,1,4-2-3-1,Vitor Pereira,2919;181806;2817;67943;138780;22149;138908;284428;18746;48648;9366,
1379109,39,2025,2025-12-06T12:30:00+00:00,FT,P. Bankes,66,Aston Villa,42,Arsenal,2,1,1,0,2.16,-0.01,15,6,13,7,3,10,0,,47,82,7,4-2-3-1,Unai Emery,19599;19298;19354;46815;138816;1904;162714;19191;2926;19170;19366,,1.92,-0.01,15,9,9,1,3,8,2,,53,85,4,4-3-3,Mikel Arteta,19465;19959;38746;127817;157052;37127;47315;2937;1460;47311;19586,
1379110,39,2025,2025-12-06T15:00:00+00:00,FT,M. Oliver,35,Bournemouth,49,Chelsea,0,0,0,0,1.42,0.76,13,5,8,2,5,15,0,,39,71,4,4-2-3-1,Andoni Iraola,118307;18869;22136;6610;162267;304853;19245;330437;792;19281;152856,,0.92,0.76,11,4,6,1,0,13,2,,61,83,5,4-2-3-1,Calum McFarlane,18959;161907;22094;19720;47380;19545;5996;1864;152982;284324;161948,
1379111,39,2025,2025-12-07T14:00:00+00:00,FT,S. Hooper,51,Brighton,48,West Ham,1,1,0,0,1.87,0.06,22,4,15,10,10,12,2,,68,88,4,4-2-3-1,Fabian Hurzeler,129058;92993;38695;18963;162007;356041;278370;383685;90590;1361;1469,,1.14,0.06,14,5,12,3,6,8,2,,32,73,4,3-4-1-2,Nuno Espirito Santo,253;1445;18744;138;18846;336585;2476;409303;1646;19428;37724,
1379112,39,2025,2025-12-06T15:00:00+00:00,FT,C. Kavanagh,45,Everton,65,Nottingham Forest,3,0,2,0,1.12,-1.2,11,5,7,4,6,17,4,,41,78,2,4-2-3-1,Leighton Baines,2932;270139;2936;2934;2165;895;148099;18592;195993;19187;343684,,0.53,-1.2,7,3,6,2,3,15,3,,59,81,3,4-2-3-1,Vitor Pereira,2919;181806;2817;67943;138780;22149;138908;284428;18746;48648;9366,
1379113,39,2025,2025-12-07T16:30:00+00:00,FT,S. Barrott,36,Fulham,52,Crystal Palace,1,2,1,1,0.76,0.35,12,4,9,3,6,5,,,63,87,3,4-2-3-1,Marco Silva,1438;657;2729;152967;2920;1934;1455;19221;1161;1696;2887,,1.65,0.35,11,5,9,5,4,8,,,37,83,3,3-4-2-1,Oliver Glasner,19088;126949;20995;67971;18862;288102;2601;182201;1468;184226;25927,
1379114,39,2025,2025-12-06T17:30:00+00:00,FT,A. Taylor,63,Leeds,40,Liverpool,3,3,0,0,1.51,-0.93,12,5,9,2,5,14,3,,45,80,4,3-5-2,Daniel Farke,80296;19321;833;64003;19201;177665;2279;129142;47969;18766;48389,,1.91,-0.93,16,7,12,4,4,14,3,,55,83,2,4-2-3-1,Arne Slot,280;180317;1145;290;206254;542;293;1096;203224;247;174565,
1379115,39,2025,2025-12-06T15:00:00+00:00,FT,A. Madley,50,Manchester City,746,Sunderland,3,0,2,0,2.42,-0.77,18,6,15,5,6,9,1,0,64,90,1,4-3-2-1,Pep Guardiola,1622;41621;567;129033;307123;636;161933;631;156477;1422;1100,,0.71,-0.77,8,1,5,3,5,10,0,1,36,80,2,5-4-1,Regis Le Bris,194536;1146;37143;55904;6168;119121;671;1464;365331;20638;84087,90
1379116,39,2025,2025-12-06T15:00:00+00:00,FT,S. Attwell,34,Newcastle,44,Burnley,2,1,2,0,1.77,0.36,17,7,6,3,9,9,2,0,70,91,2,4-3-3,Eddie Howe,20355;158694;2806;163189;18961;1463;10135;19192;153430;158054;138787,,1.61,0.36,9,3,5,3,9,11,2,1,30,73,6,4-3-3,Mike Jackson,18886;627;47903;179400;330238;270508;19827;575;98936;138822;22,43
1379117,39,2025,2025-12-06T15:00:00+00:00,FT,R. Jones,47,Tottenham,55,Brentford,2,0,2,0,2.18,0.89,15,7,9,3,7,8,3,,53,82,1,4-2-3-1,Roberto De Zerbi,31354;47519;30776;152849;19235;863;328089;15911;162016;21104;2413,,0.29,0.89,4,1,3,1,6,9,4,,47,79,5,4-2-3-1,Keith Andrews,281;342022;19495;36922;1119;292;263538;284797;15908;178077;196156,
1379118,39,2025,2025-12-08T20:00:00+00:00,FT,M. Salisbury,39,Wolves,33,Manchester United,1,4,1,1,0.41,0.17,8,2,4,3,1,17,3,,37,71,4,3-4-2-1,Rob Edwards,19143;195717;135068;41606;285;265784;66407;265782;13708;20665;2032,,4.24,0.17,27,10,20,14,9,12,2,,63,85,1,3-4-2-1,Michael Carrick,162511;545;402329;891;157997;747;1485;886;20589;19220;1165,
1379119,39,2025,2025-12-13T20:00:00+00:00,FT,R. Jones,42,Arsenal,39,Wolves,2,1,0,0,1.13,-1.59,16,2,12,3,8,7,0,,69,87,1,4-3-3,Mikel Arteta,19465;19959;38746;22090;127817;19586;47315;2937;1460;18979;127769,,0.38,-1.59,3,2,3,1,0,15,4,,31,69,2,3-5-2,Rob Edwards,19143;195717;135068;41606;18742;195103;265784;66407;265782;2032;24888,
1379120,39,2025,2025-12-14T16:30:00+00:00,FT,J. Brooks,55,Brentford,63,Leeds,1,1,0,0,0.72,-0.16,7,2,4,1,0,8,,,57,81,3,4-2-3-1,Keith Andrews,281;342022;19495;36922;44871;292;25073;284797;47438;106725;196156,,1.52,-0.16,18,4,11,8,3,9,,,43,75,1,3-5-2,Daniel Farke,80296;19321;833;64003;19201;32966;2279;177665;47969;18766;48389,
1379121,39,2025,2025-12-13T17:30:00+00:00,FT,M. Oliver,44,Burnley,36,Fulham,2,3,1,2,2.46,0.7,16,8,10,4,10,8,1,,53,83,1,4-3-3,Mike Jackson,18886;19182;47903;179400;375915;270508;19827;575;98936;138822;22,,2.23,0.7,6,4,6,0,4,8,2,,47,82,6,4-2-3-1,Marco Silva,1438;657;2729;152967;19549;1934;1455;19221;1161;1696;2887,
1379122,39,2025,2025-12-13T15:00:00+00:00,FT,T. Bramall,49,Chelsea,45,Everton,2,0,2,0,2.2,-0.79,17,5,11,3,4,13,1,,58,88,2,4-2-3-1,Calum McFarlane,18959;161907;22094;19720;47380;19545;5996;1864;152982;284324;10329,,1.03,-0.79,11,2,9,4,7,11,0,,42,82,3,4-2-3-1,Leighton Baines,2932;270139;2936;2934;2165;2990;895;18592;148099;19187;343684,
1379123,39,2025,2025-12-14T14:00:00+00:00,FT,D. England,52,Crystal Palace,50,Manchester City,0,3,0,1,1.88,1.07,16,4,12,6,2,9,2,,39,76,3,3-4-2-1,Oliver Glasner,19088;126949;20995;67971;18862;288102;2601;182201;2218;184226;25927,,1.19,1.07,7,6,5,0,2,6,0,,61,86,4,4-3-2-1,Pep Guardiola,1622;41621;567;129033;307123;636;161933;36902;156477;631;1100,
1379124,39,2025,2025-12-13T15:00:00+00:00,FT,C. Pawson,40,Liverpool,51,Brighton,2,0,1,0,1.89,-0.78,18,4,10,6,2,8,1,,49,86,1,4-2-3-1,Arne Slot,280;284;1145;290;206254;542;293;1096;6716;203224;174565,,1.9,-0.78,14,1,11,6,2,15,2,,51,89,2,4-2-3-1,Fabian Hurzeler,129058;92993;38695;18963;1361;356041;305730;383685;328225;278370;90590,
1379125,39,2025,2025-12-15T20:00:00+00:00,FT,S. Hooper,33,Manchester United,35,Bournemouth,4,4,2,1,3.4,-0.64,25,9,18,10,5,15,2,,57,79,5,3-4-2-1,Michael Carrick,162511;342970;402329;891;157997;1485;747;886;20589;19220;1165,,1.94,-0.64,14,9,9,0,4,12,3,,43,67,5,4-2-3-1,Andoni Iraola,118307;18869;22136;6610;162267;19245;1150;330437;792;19281;152856,
1379126,39,2025,2025-12-14T14:00:00+00:00,FT,S. Barrott,65,Nottingham Forest,47,Tottenham,3,0,1,0,2.32,-0.99,15,6,10,2,3,9,1,,48,82,1,4-2-3-1,Vitor Pereira,70366;181806;2817;363695;138780;22149;138908;284428;18746;2298;9366,,0.33,-0.99,6,1,5,4,3,13,3,,52,80,3,4-2-3-1,Roberto De Zerbi,31354;47519;30776;152849;19235;863;328089;15911;162016;21104;2413,
1379127,39,2025,2025-12-14T14:00:00+00:00,FT,P. Bankes,746,Sunderland,34,Newcastle,1,0,0,0,0.3,-0.76,5,1,3,2,3,10,5,,47,77,2,4-2-3-1,Regis Le Bris,194536;1146;55904;6168;22225;1464;365331;671;20638;336659;38750,,0.24,-0.76,6,2,2,3,6,10,4,,53,85,1,4-3-3,Eddie Howe,20355;158694;163189;18961;284492;10135;31146;328105;153430;158054;138787,
1379128,39,2025,2025-12-14T14:00:00+00:00,FT,A. Taylor,48,West Ham,66,Aston Villa,2,3,2,1,1.03,-1.27,10,3,7,3,5,18,1,,41,84,2,4-3-1-2,Nuno Espirito Santo,253;18846;1445;138;409303;326176;284446;336585;1646;19428;37724,,0.67,-1.27,7,4,4,1,3,13,2,,59,89,1,4-2-3-1,Unai Emery,36878;19298;19354;889;138816;1904;162714;19191;2926;19170;19366,
1379129,39,2025,2025-12-21T16:30:00+00:00,FT,M. Oliver,66,Aston Villa,33,Manchester United,2,1,1,1,1.54,-0.38,12,4,8,5,5,4,1,,43,80,5,4-2-3-1,Unai Emery,19599;19298;19354;889;138816;1904;162714;19191;2926;19170;19366,,1.33,-0.38,15,6,5,3,5,2,2,,57,86,2,3-4-2-1,Michael Carrick,162511;342970;402329;891;886;51494;1485;382452;19220;1165;115589,
1379130,39,2025,2025-12-20T15:00:00+00:00,FT,C. Kavanagh,35,Bournemouth,44,Burnley,1,1,0,0,1.41,-0.64,16,1,11,3,5,11,1,,66,80,,4-2-3-1,Andoni Iraola,118307;330437;22136;6610;162267;19245;18872;18870;792;19281;152856,,0.38,-0.64,4,1,1,2,3,11,1,,34,66,,4-4-2,Mike Jackson,18886;20303;1746;47903;330238;627;270508;19827;196855;22;36927,
1379131,39,2025,2025-12-20T15:00:00+00:00,FT,D. England,51,Brighton,746,Sunderland,0,0,0,0,1.13,0.24,16,4,7,5,3,11,2,,57,83,6,4-2-3-1,Fabian Hurzeler,129058;92993;342063;22160;1361;265820;305730;383685;328225;162007;90590,,1.38,0.24,14,6,9,4,4,15,2,,43,76,4,4-2-3-1,Regis Le Bris,194536;1146;55904;6168;119121;1464;37143;339201;20638;301771;38750,
1379132,39,2025,2025-12-20T20:00:00+00:00,FT,S. Barrott,45,Everton,42,Arsenal,0,1,0,1,0.2,0.18,5,1,4,2,2,4,2,,35,74,0,4-2-3-1,Leighton Baines,2932;270139;2936;2934;2165;284500;895;18929;195993;19187;343684,,2,0.18,13,2,12,2,3,5,2,,65,88,1,4-3-3,Mikel Arteta,19465;38746;22090;127817;157052;37127;47315;2937;1460;18979;1946,
1379133,39,2025,2025-12-22T20:00:00+00:00,FT,A. Taylor,36,Fulham,65,Nottingham Forest,1,0,1,0,1.5,-0.25,11,1,8,6,1,5,5,,50,80,2,4-2-3-1,Marco Silva,1438;657;2729;131;19549;2823;1934;19221;1161;237819;2887,,0.67,-0.25,12,2,6,4,5,9,4,,50,85,0,4-2-3-1,Vitor Pereira,70366;181806;2817;363695;138780;47522;138908;284428;18746;2298;9366,
1379134,39,2025,2025-12-20T20:00:00+00:00,FT,T. Bramall,63,Leeds,52,Crystal Palace,4,1,2,0,2.67,-0.83,20,8,14,5,9,5,1,,53,82,2,3-5-2,Daniel Farke,80296;19321;833;64003;19201;50739;2279;177665;47969;18766;48389,,1.56,-0.83,9,3,5,3,5,10,3,,47,78,2,3-4-2-1,Oliver Glasner,19088;126949;20995;67971;18862;18806;288102;182201;1468;184226;25927,
1379135,39,2025,2025-12-20T15:00:00+00:00,FT,P. Tierney,50,Manchester City,48,West Ham,3,0,2,0,2.1,-0.19,17,8,14,2,6,16,1,,66,92,4,4-3-2-1,Pep Guardiola,1622;41621;567;129033;307123;36902;161933;636;156477;631;1100,,0.98,-0.19,7,3,5,0,0,10,1,,34,80,5,4-3-1-2,Nuno Espirito Santo,253;171;18744;138;327730;326176;284446;336585;1646;19428;37724,
1379136,39,2025,2025-12-20T12:30:00+00:00,FT,A. Madley,34,Newcastle,49,Chelsea,2,2,2,0,2.31,0.32,11,5,9,0,6,13,3,,47,77,2,4-3-3,Eddie Howe,20355;328105;163189;2806;284492;10135;31146;19192;19163;158054;138787,,1.22,0.32,13,4,10,4,4,14,6,,53,81,3,4-2-3-1,Calum McFarlane,18959;161907;22094;19720;47380;19545;116117;1864;152982;284324;10329,
1379137,39,2025,2025-12-20T17:30:00+00:00,FT,J. Brooks,47,Tottenham,40,Liverpool,1,2,0,0,1.07,0.15,15,4,11,7,2,7,5,2,35,76,2,4-2-2-2,Roberto De Zerbi,31354;47519;30776;152849;19235;863;328089;15911;347316;162016;21104,33,0.66,0.15,8,4,7,3,6,2,3,0,65,88,4,4-2-3-1,Arne Slot,280;180317;1145;290;206254;542;293;1096;6716;203224;174565,
1379138,39,2025,2025-12-20T15:00:00+00:00,FT,M. Donohue,39,Wolves,55,Brentford,0,2,0,0,1.27,0.99,9,2,6,6,3,12,2,,43,78,4,3-5-2,Rob Edwards,1590;18742;135334;66407;285;391822;265784;195103;265782;2032;24888,,1.28,0.99,7,6,7,0,4,15,4,,57,83,2,4-3-3,Keith Andrews,281;342022;19495;36922;19346;263538;25073;47438;106725;196156;178077,
1379139,39,2025,2025-12-27T15:00:00+00:00,FT,J. Brooks,42,Arsenal,51,Brighton,2,1,1,0,3.08,-0.31,24,6,21,10,7,7,2,,53,84,2,4-3-3,Mikel Arteta,19465;2937;22090;127817;313245;37127;47315;47311;1460;18979;1946,,0.85,-0.31,8,3,7,2,2,13,3,,47,83,5,3-4-2-1,Fabian Hurzeler,129058;342063;38695;18963;1361;265820;305730;162007;328225;278370;90590,
1379140,39,2025,2025-12-27T15:00:00+00:00,FT,P. Bankes,55,Brentford,35,Bournemouth,4,1,2,0,3.66,-0.66,15,7,10,4,2,9,2,,49,79,8,4-2-3-1,Keith Andrews,281;342022;1119;19495;19346;263538;25073;106725;47438;178077;196156,,2.72,-0.66,20,10,13,8,15,8,2,,51,77,4,4-2-3-1,Andoni Iraola,118307;18869;22136;6610;162267;18872;304853;330437;19245;19281;368030,
1379141,39,2025,2025-12-27T15:00:00+00:00,FT,C. Pawson,44,Burnley,45,Everton,0,0,0,0,1.41,0,16,0,9,7,6,8,0,,54,77,6,3-4-3,Mike Jackson,18886;20303;47903;181797;627;270508;19827;330238;37882;138822;22,,0.82,0,15,6,10,3,5,8,2,,46,78,0,4-2-3-1,Leighton Baines,2932;270139;2936;2934;2165;284500;895;304317;195993;18929;125743,
1379142,39,2025,2025-12-27T17:30:00+00:00,FT,S. Attwell,49,Chelsea,66,Aston Villa,1,2,1,0,2.14,0.43,14,3,8,7,6,16,5,,63,89,6,4-2-3-1,Calum McFarlane,18959;19545;19720;95;47380;116117;5996;1864;152982;284324;10329,,1.19,0.43,11,8,7,2,7,8,3,,37,80,2,4-4-2,Unai Emery,19599;19298;19354;889;138816;19191;1904;2926;19071;249;19170,
1379143,39,2025,2025-12-28T16:30:00+00:00,FT,J. Gillett,52,Crystal Palace,47,Tottenham,0,1,0,1,1.47,0.11,15,2,9,5,3,7,3,,62,79,3,3-4-2-1,Oliver Glasner,19088;2490;20995;67971;18862;288102;18806;182201;286458;184226;25927,,0.88,0.11,8,4,5,1,2,5,2,,38,69,2,4-2-3-1,Roberto De Zerbi,31354;47519;25287;152849;19235;863;328089;15911;347316;21104;2413,
1379144,39,2025,2025-12-27T15:00:00+00:00,FT,S. Hooper,40,Liverpool,39,Wolves,2,1,2,0,1.54,-0.36,14,4,11,3,6,5,0,,67,88,3,4-2-3-1,Arne Slot,280;152654;1145;290;206254;542;293;30410;6716;203224;174565,,1.07,-0.36,9,4,4,1,4,13,1,,33,77,2,3-4-2-1,Rob Edwards,1590;195717;135334;66407;18742;265784;195103;280687;456206;24888;110153,
1379145,39,2025,2025-12-26T20:00:00+00:00,FT,A. Taylor,33,Manchester United,34,Newcastle,1,0,1,0,1.27,-0.04,10,4,8,0,2,9,2,,33,77,3,4-2-3-1,Michael Carrick,162511;886;402329;2467;891;747;51494;382452;19220;1165;115589,,1.18,-0.04,16,3,14,7,11,5,1,,67,87,3,4-3-3,Eddie Howe,20355;328105;163189;2806;284492;31146;10135;19192;19163;158054;138787,
1379146,39,2025,2025-12-27T12:30:00+00:00,FT,R. Jones,65,Nottingham Forest,50,Manchester City,1,2,0,0,0.55,-0.42,7,2,5,3,5,5,1,,34,75,3,4-2-3-1,Vitor Pereira,70366;181806;2817;363695;138780;138908;6056;284428;18746;2298;9366,,1.45,-0.42,16,5,9,7,5,13,2,,66,90,1,4-3-2-1,Pep Guardiola,1622;41621;567;129033;307123;636;161933;36902;156477;631;1100,
1379147,39,2025,2025-12-28T14:00:00+00:00,FT,T. Harrington,746,Sunderland,63,Leeds,1,1,1,0,0.7,-0.49,8,3,8,2,3,7,1,,43,82,4,4-2-3-1,Regis Le Bris,194536;119121;1146;6168;162076;1464;37143;339201;20638;301771;38750,,2.17,-0.49,17,6,11,6,9,9,0,,57,84,2,3-5-2,Daniel Farke,80296;19321;833;64003;19201;50739;2279;177665;47969;18766;48389,
1379148,39,2025,2025-12-27T15:00:00+00:00,FT,C. Kavanagh,48,West Ham,36,Fulham,0,1,0,0,0.91,0.2,11,2,7,5,5,8,1,,44,82,4,4-3-2-1,Nuno Espirito Santo,253;171;138;18744;327730;326176;284446;336585;1646;37724;19428,,1.62,0.2,17,5,11,6,4,8,3,,56,86,2,4-2-3-1,Marco Silva,1438;657;2729;131;19549;2823;1934;19221;1161;237819;2887,
1379149,39,2025,2025-12-30T20:15:00+00:00,FT,D. England,42,Arsenal,66,Aston Villa,4,1,0,0,3.04,-1.28,22,7,17,7,3,18,2,,46,86,2,4-3-3,Mikel Arteta,19465;38746;22090;22224;127817;37127;47315;47311;1460;18979;1946,,2.67,-1.28,11,3,9,4,3,9,3,,54,87,3,4-2-3-1,Unai Emery,19599;284457;19354;889;2724;162714;2926;18;19170;19071;19366,
1379150,39,2025,2026-01-01T20:00:00+00:00,FT,A. Madley,55,Brentford,47,Tottenham,0,0,0,0,0.92,0.29,7,2,4,2,3,8,1,,56,83,2,4-3-3,Keith Andrews,281;342022;1119;19495;19346;292;25073;263538;106725;196156;178077,,0.86,0.29,9,3,7,4,1,10,2,,44,79,2,4-3-3,Roberto De Zerbi,31354;47519;30776;152849;19235;328089;41104;863;15911;2413;336564,
1379151,39,2025,2025-12-30T19:30:00+00:00,FT,R. Jones,44,Burnley,34,Newcastle,1,3,1,2,1.09,-0.6,15,4,8,3,3,9,2,,48,79,4,3-4-3,Mike Jackson,18886;20303;47903;179400;627;270508;575;330238;37882;138822;161621,,2.31,-0.6,20,9,13,6,4,3,1,,52,83,2,4-3-3,Eddie Howe,18911;328105;163189;2806;284492;10135;31146;723;18778;20649;138787,
1379152,39,2025,2025-12-30T19:30:00+00:00,FT,S. Barrott,49,Chelsea,35,Bournemouth,2,2,2,2,2.31,0.15,17,3,15,8,12,5,1,,67,86,4,4-2-3-1,Calum McFarlane,18959;366735;22094;19720;161907;116117;5996;425733;152982;284324;161948,,3.14,0.15,17,6,12,4,3,12,1,,33,73,2,4-2-3-1,Andoni Iraola,118307;330437;20093;6610;162267;19245;304853;18870;792;19281;152856,
1379153,39,2025,2026-01-01T17:30:00+00:00,FT,T. Harrington,52,Crystal Palace,36,Fulham,1,1,1,0,1.93,0.37,11,2,9,4,6,7,0,,40,77,4,3-4-2-1,Oliver Glasner,19088;2490;20995;67971;18862;288102;18806;182201;286458;184226;25927,,1.76,0.37,17,5,12,6,3,10,5,,60,86,1,4-2-3-1,Marco Silva,1438;657;2729;131;19549;2823;1934;19221;1161;237819;2887,
1379154,39,2025,2026-01-01T17:30:00+00:00,FT,C. Kavanagh,40,Liverpool,63,Leeds,0,0,0,0,2.08,0.76,19,4,11,8,8,10,0,,68,86,2,4-2-3-1,Arne Slot,280;180317;1145;290;289;542;293;152654;1096;203224;174565,,0.69,0.76,4,2,3,1,3,8,2,,32,66,4,3-5-2,Daniel Farke,80296;1408;833;64003;19760;177665;129142;2279;47969;19461;50739,
1379155,39,2025,2025-12-30T20:15:00+00:00,FT,T. Bramall,33,Manchester United,39,Wolves,1,1,1,1,0.84,-0.27,15,6,10,4,8,9,0,,56,89,3,4-2-3-1,Michael Carrick,162511;886;402329;2467;891;51494;747;70100;1165;382452;115589,,1.16,-0.27,11,4,8,2,4,12,2,,44,84,5,3-5-2,Rob Edwards,1590;195717;18742;66407;296560;13708;195103;456206;280687;110153;24888,
1379156,39,2025,2025-12-30T19:30:00+00:00,FT,M. Oliver,65,Nottingham Forest,45,Everton,0,2,0,1,1.55,0.94,21,6,12,7,9,11,1,,70,90,1,4-2-3-1,Vitor Pereira,70366;138780;2817;363695;641;138908;6056;284428;18746;2298;9366,,1.26,0.94,11,3,7,4,2,9,0,,30,74,6,4-2-3-1,Leighton Baines,2932;138417;2936;270139;2165;284500;895;304317;202854;18929;343684,
1379157,39,2025,2026-01-01T20:00:00+00:00,FT,J. Gillett,746,Sunderland,50,Manchester City,0,0,0,0,0.88,0.61,10,4,7,2,3,9,1,,32,73,4,4-2-3-1,Regis Le Bris,194536;119121;1146;6168;162076;37143;1464;349799;20638;301771;38750,,2.24,0.61,14,4,12,5,5,6,1,,68,86,4,4-3-2-1,Pep Guardiola,1622;41621;567;18861;307123;636;161933;631;156477;266657;1100,
1379158,39,2025,2025-12-30T19:30:00+00:00,FT,M. Salisbury,48,West Ham,51,Brighton,2,2,2,1,2.06,-0.05,10,4,10,3,5,11,3,,39,75,5,4-2-3-1,Nuno Espirito Santo,253;171;138;18744;327730;326176;284446;19428;336585;1646;2939,,2.94,-0.05,16,6,8,4,5,18,5,,61,86,2,4-2-3-1,Fabian Hurzeler,129058;537;38695;18963;1361;265820;296;383685;278370;162007;1469,
1379159,39,2025,2026-01-03T12:30:00+00:00,FT,"Simon Hooper, England",66,Aston Villa,65,Nottingham Forest,3,1,1,0,1.59,-1.55,11,4,5,4,4,10,1,,73,90,4,4-2-3-1,Unai Emery,19599;19298;19354;889;138816;1904;2926;19191;19170;19071;19366,,0.89,-1.55,10,5,6,2,4,20,2,,27,71,1,4-5-1,Vitor Pereira,70366;2771;2817;363695;138780;284428;18746;138908;6056;129695;9366,
1379160,39,2025,2026-01-03T17:30:00+00:00,FT,C. Kavanagh,35,Bournemouth,42,Arsenal,2,3,1,1,1.43,-0.9,15,3,5,5,7,13,3,,43,76,2,4-2-3-1,Andoni Iraola,118307;330437;20093;6610;162267;304853;19245;19281;792;18870;152856,,1.13,-0.9,12,5,7,4,5,8,1,,57,80,1,4-3-3,Mikel Arteta,19465;38746;22090;22224;127817;37127;47315;2937;136723;18979;127769,
1379161,39,2025,2026-01-03T15:00:00+00:00,FT,T. Robinson,51,Brighton,44,Burnley,2,0,1,0,1.45,-1.28,15,4,9,4,4,7,0,,60,90,2,4-2-3-1,Fabian Hurzeler,129058;537;38695;18963;1361;265820;278370;328225;90590;106835;392482,,0.3,-1.28,5,3,4,0,4,17,4,,40,82,2,5-4-1,Mike Jackson,18886;627;20303;47903;181797;330238;22;270508;575;196855;138822,
1379162,39,2025,2026-01-04T15:00:00+00:00,FT,A. Taylor,45,Everton,55,Brentford,2,4,0,1,0.89,-0.84,14,6,11,5,4,9,0,,45,79,3,4-2-3-1,Leighton Baines,2932;270139;2936;2934;2165;284500;895;304317;18929;19187;343684,,2.66,-0.84,11,7,9,2,5,8,2,,55,78,4,4-2-3-1,Keith Andrews,281;342022;1119;19495;44871;263538;25073;47438;15908;178077;196156,
1379163,39,2025,2026-01-04T15:15:00+00:00,FT,C. Pawson,36,Fulham,40,Liverpool,2,2,1,0,0.74,-0.79,8,2,5,3,3,11,1,,42,84,,3-4-2-1,Marco Silva,1438;18814;2729;131;2920;2823;19025;19549;19221;1161;2887,,1.37,-0.79,10,2,7,3,8,4,1,,58,88,,4-2-3-1,Arne Slot,280;180317;1145;290;206254;542;6716;1096;203224;293;247,
1379164,39,2025,2026-01-04T12:30:00+00:00,FT,J. Gillett,63,Leeds,33,Manchester United,1,1,0,0,0.9,0.52,11,3,8,2,6,9,0,,45,73,1,3-5-2,Daniel Farke,80296;1408;833;64003;19760;50739;177665;129142;47969;18766;48389,,1.58,0.52,15,2,9,5,4,9,1,,55,79,2,3-4-2-1,Michael Carrick,162511;342970;402329;2467;886;747;51494;891;382452;1165;115589,
1379165,39,2025,2026-01-04T17:30:00+00:00,FT,M. Oliver,50,Manchester City,49,Chelsea,1,1,1,0,1.02,0.23,14,3,12,5,8,12,3,,57,87,2,4-1-4-1,Pep Guardiola,1622;41621;567;129033;307123;44;636;156477;631;36902;1100,,1.85,0.23,8,3,8,1,2,14,3,,43,83,2,4-2-3-1,Calum McFarlane,286616;366735;19720;95;161907;19545;5996;425733;152982;1864;10329,
1379166,39,2025,2026-01-04T15:00:00+00:00,FT,J. Brooks,34,Newcastle,52,Crystal Palace,2,0,0,0,2.08,0.65,12,7,11,2,8,5,1,,59,83,1,4-3-3,Eddie Howe,18911;328105;163189;2806;284492;10135;31146;723;19163;20649;138787,,0.7,0.65,11,1,9,5,6,12,3,,41,69,5,3-4-2-1,Oliver Glasner,19088;2490;20995;67971;18862;288102;18806;182201;129711;184226;25927,
1379167,39,2025,2026-01-04T15:00:00+00:00,FT,S. Attwell,47,Tottenham,746,Sunderland,1,1,1,0,1.18,0.16,13,5,9,2,3,10,2,,49,79,2,4-2-3-1,Roberto De Zerbi,31354;47519;30776;152849;164;863;328089;15911;336564;270510;2413,,0.44,0.16,10,3,9,3,5,6,3,,51,77,3,4-4-2,Regis Le Bris,194536;37143;1146;6168;162076;119121;1464;20638;301771;349799;38750,
1379168,39,2025,2026-01-03T15:00:00+00:00,FT,P. Bankes,39,Wolves,48,West Ham,3,0,3,0,1.87,-0.86,11,8,8,0,6,11,1,,33,78,0,3-5-2,Rob Edwards,1590;195717;135334;66407;296560;13708;195103;456206;280687;110153;24888,,0.25,-0.86,6,0,4,0,7,10,0,,67,88,5,4-2-3-1,Nuno Espirito Santo,253;171;1445;18744;327730;326176;284446;19428;336585;37724;2939,
